{"G": {"4": 0.08721132442960491, "2": 0.19410823594880353, "7": 0.1831930532368763, "1": 0.015077212020033391, "9": 0.1392946577629382, "0": 0.10012636802077542, "11": 0.1774948989055833, "8": 0.009437024670747547, "6": 0.039533481728807295, "10": 0.01970297718419588, "5": 0.018874049341495083, "3": 0.015946716750139124}, "F": {"9": 0.17587870740906947, "10": 0.07978370279161368, "0": 0.2171724851555287, "2": 0.09310942072254838, "5": 0.1771322817649437, "7": 0.12855812987475365, "4": 0.054033505298020625, "1": 0.013036431541117619, "3": 0.015436025056651918, "8": 0.021025186459913442, "11": 0.01780594817323063, "6": 0.007028175752608216}, "g": {"7": 0.18693478172971942, "10": 0.18099451460301627, "9": 0.12599902961036177, "0": 0.12482310605550107, "3": 0.03996118441446419, "2": 0.1763683167783064, "11": 0.015661010552987315, "6": 0.015950779681119177, "4": 0.021112713452026356, "1": 0.01546558486192164, "8": 0.017662439182177168, "5": 0.07906653907839932}, "c": {"8": 0.04406140841960844, "7": 0.17632448372929205, "5": 0.10032091970699303, "3": 0.18638575021880896, "2": 0.113875243449532, "10": 0.10556444808906894, "9": 0.01628253550223539, "0": 0.19187371375854553, "11": 0.021021423558818184, "4": 0.009974531433572766, "6": 0.017820111493971908, "1": 0.016495430639552753}, "E-": {"5": 0.11865833799678364, "7": 0.17859249512228295, "10": 0.2105308266658599, "8": 0.07364217977222211, "0": 0.09970708491512532, "3": 0.19701438359272186, "2": 0.055774863751632237, "9": 0.013859269678499226, "1": 0.015502820757142648, "11": 0.015820439523874352, "6": 0.014832292249597945, "4": 0.006065005974257758}, "C": {"0": 0.20480629721661672, "4": 0.16606240514984213, "7": 0.1968580624718577, "5": 0.08554608675349812, "2": 0.11819288561279467, "11": 0.06491669863082236, "9": 0.09293064056167975, "10": 0.016590230642229382, "8": 0.015506228841118701, "1": 0.007644714240448279, "3": 0.016016543535180033, "6": 0.014929206343912088}, "B-": {"3": 0.07561800780431346, "5": 0.20421452879711788, "0": 0.1387211704474006, "2": 0.18236344946657204, "7": 0.08184549056396657, "9": 0.07078771668945429, "8": 0.017654514426003742, "10": 0.15975888464186963, "4": 0.0234279099010988, "1": 0.017544735082484213, "6": 0.013662538298020983, "11": 0.014401053881697793}, "e-": {"9": 0.042630676949443023, "10": 0.21793773207654957, "8": 0.09525849757212228, "6": 0.12703513281919454, "1": 0.044701513853184806, "3": 0.22136532419308766, "5": 0.10211368180519853, "11": 0.0487003713224793, "0": 0.017994858611825197, "2": 0.020851185375606974, "7": 0.05098543273350472, "4": 0.010425592687803487}, "d": {"9": 0.19161076228901563, "4": 0.10439197523495758, "2": 0.19315459848322072, "5": 0.1794033152688583, "0": 0.08656623773485808, "7": 0.12290209372836434, "10": 0.039224580418745665, "8": 0.020443892695426583, "1": 0.020165365546987533, "11": 0.015478151534684589, "3": 0.014499327555884482, "6": 0.012159699508996424}, "a": {"2": 0.12947378761583553, "5": 0.04470240239256903, "11": 0.11108746193392072, "0": 0.19888776100505345, "4": 0.16867502756038733, "9": 0.18625364288287086, "7": 0.09141316567885889, "3": 0.015553881921477459, "8": 0.018309920647914688, "6": 0.010074549483174523, "1": 0.010833142320748335, "10": 0.014735256557189168}, "A-": {"0": 0.1780423724076248, "3": 0.22578120632791102, "8": 0.11906758343115878, "1": 0.05766113253954945, "5": 0.060539996645983564, "7": 0.07652747498462742, "10": 0.1422941472413215, "2": 0.05181955391581419, "4": 0.01721728436469339, "6": 0.026580580244843197, "11": 0.02224830901671419, "9": 0.022220358879758515}, "e": {"4": 0.16046022648436914, "11": 0.20449766791542584, "6": 0.10028497326374446, "9": 0.13739553648618355, "2": 0.07884260296927204, "7": 0.19665289829549698, "0": 0.054251651670882556, "3": 0.021549101853927197, "10": 0.014323375278836203, "5": 0.007876789087765367, "1": 0.012583650859722718, "8": 0.011281525834373972}, "b": {"11": 0.18906430496726992, "4": 0.12591451675009627, "6": 0.1347708894878706, "7": 0.07354639969195226, "1": 0.1301501732768579, "2": 0.1967654986522911, "9": 0.08278783211397767, "10": 0.016172506738544475, "5": 0.018867924528301886, "8": 0.009626492106276472, "0": 0.015787447054293417, "3": 0.006546014632268001}, "C#": {"3": 0.14253809774040996, "2": 0.02581450341565949, "0": 0.07731213872832374, "10": 0.06128481345244353, "8": 0.19975039411455595, "6": 0.04781923279033104, "5": 0.21387283236994206, "4": 0.01826064109301104, "1": 0.11994219653179196, "9": 0.017735155018392016, "11": 0.03113504992117709, "7": 0.04453494482396218}, "b-": {"10": 0.23858252795148763, "8": 0.05339207883267008, "5": 0.17173583475459545, "3": 0.11791737729770703, "1": 0.12360242562061775, "0": 0.11545385635777898, "2": 0.04960204661739624, "11": 0.013644115974985785, "7": 0.046143642220958875, "9": 0.02397195376160697, "4": 0.012696607921167327, "6": 0.033257532689027855}, "f": {"1": 0.046553590761457965, "0": 0.16208348370022851, "10": 0.12303620834837, "9": 0.028293035005413216, "8": 0.16800192469625888, "5": 0.16992662095513053, "4": 0.024804523036208354, "7": 0.11892217009503185, "2": 0.03401900637555637, "3": 0.07641044147720444, "11": 0.028870443883074706, "6": 0.019078551666065206}, "D": {"2": 0.19392197840473702, "4": 0.13266283524904215, "7": 0.14912051549982583, "6": 0.15347439916405434, "9": 0.18974225008707765, "11": 0.06117206548241032, "0": 0.031086729362591433, "3": 0.013061650992685475, "5": 0.01044932079414838, "1": 0.04562870080111459, "8": 0.007488679902473005, "10": 0.012190874259839777}, "A": {"1": 0.15176151761517614, "4": 0.15898825654923215, "9": 0.2782294489611563, "11": 0.19421860885275521, "6": 0.060072267389340565, "2": 0.08039747064137308, "7": 0.037940379403794036, "8": 0.015356820234869017, "5": 0.0040650406504065045, "3": 0.0027100271002710027, "0": 0.016260162601626018}, "E": {"9": 0.08786610878661087, "8": 0.07322175732217573, "11": 0.3075313807531381, "0": 0.07182705718270571, "10": 0.06276150627615062, "4": 0.27405857740585776, "7": 0.04811715481171548, "3": 0.02092050209205021, "1": 0.011157601115760111, "2": 0.03138075313807531, "5": 0.011157601115760111}, "f#": {"9": 0.3160919540229885, "7": 0.06896551724137931, "3": 0.09195402298850575, "4": 0.08045977011494253, "6": 0.05172413793103448, "5": 0.017241379310344827, "1": 0.034482758620689655, "2": 0.07471264367816093, "0": 0.022988505747126436, "10": 0.005747126436781609, "11": 0.005747126436781609, "8": 0.22988505747126436}, "B": {"1": 0.1487603305785124, "2": 0.027272727272727275, "10": 0.04421487603305786, "11": 0.057851239669421496, "4": 0.07768595041322314, "3": 0.23677685950413224, "0": 0.09173553719008265, "6": 0.2227272727272727, "8": 0.03966942148760331, "9": 0.0475206611570248, "5": 0.005785123966942148}, "F#": {"10": 0.2873303167420814, "8": 0.11915535444947209, "1": 0.28054298642533937, "5": 0.07616892911010559, "3": 0.11312217194570136, "6": 0.08748114630467572, "0": 0.03619909502262444}, "c#": {"6": 0.11278195488721804, "8": 0.22556390977443608, "4": 0.06766917293233082, "5": 0.015037593984962405, "1": 0.24812030075187969, "11": 0.09774436090225563, "3": 0.10526315789473684, "10": 0.03007518796992481, "7": 0.03759398496240601, "0": 0.06015037593984962}, "g#": {"10": 0.17222222222222217, "9": 0.07592592592592592, "2": 0.09629629629629627, "3": 0.12407407407407404, "11": 0.1324074074074074, "6": 0.050925925925925916, "5": 0.06574074074074074, "1": 0.137037037037037, "4": 0.048148148148148134, "8": 0.06018518518518517, "0": 0.029629629629629624, "7": 0.007407407407407406}}