{"G": {"64": 0.05733853047247825, "62": 0.08352458319672627, "67": 0.1777834444403968, "61": 0.0058467815380131875, "69": 0.13717168773450877, "72": 0.08566779595157437, "71": 0.1680509513921774, "68": 0.008918922200769858, "74": 0.10991099292071942, "66": 0.03545104610639564, "70": 0.019179629157407747, "65": 0.015093560647456681, "58": 0.000509999635714546, "60": 0.013861061527813197, "63": 0.009410707563780315, "59": 0.008985707867351525, "73": 0.009386421866841528, "76": 0.029962478598229578, "78": 0.00228892693648076, "75": 0.006490352506891068, "55": 0.000764999453571819, "57": 0.0018942843612254564, "79": 0.005063567811737278, "77": 0.003545711753063034, "81": 0.0017303559068886382, "80": 0.00027321409056136394, "84": 0.00029142836326545487, "83": 0.0008014279989800008, "91": 7.285709081636372e-05, "82": 0.00029142836326545487, "86": 0.00032785690867363673, "85": 7.285709081636372e-05, "88": 3.642854540818186e-05}, "F": {"69": 0.1747333391576456, "70": 0.07679355725166598, "72": 0.15666076293195885, "74": 0.0520812650406246, "65": 0.15943657721052507, "60": 0.05810545711585349, "62": 0.03886139989992773, "67": 0.12448673248139518, "76": 0.017584128219587172, "77": 0.017353803143540174, "73": 0.007723832291575663, "64": 0.0360180765473477, "63": 0.007545131801539209, "68": 0.02079676591824255, "75": 0.008204338053673686, "71": 0.015979794931259887, "79": 0.0033436847246821125, "66": 0.007064626039441186, "81": 0.0022317705644552817, "82": 0.0006433217641312378, "84": 0.00042888117608749185, "78": 0.00027797854005670765, "58": 0.0028194966205751797, "61": 0.0051624586010531395, "55": 0.0015805065563224236, "57": 0.0014653440182989304, "59": 0.0007743687901579714, "56": 0.0003097475160631886, "53": 0.000325632004066429, "80": 0.0006194950321263772, "83": 0.00026209405205346726, "86": 0.00026209405205346726, "87": 4.765346400972132e-05, "51": 1.5884488003240437e-05}, "g": {"67": 0.17996735736588143, "70": 0.17271856372409883, "69": 0.12387524836786848, "72": 0.10368294067556053, "75": 0.014398240136247508, "74": 0.11297899517456707, "79": 0.00721686063014476, "83": 0.00025546409310246937, "81": 0.0017030939540164623, "78": 0.0014050525120635814, "76": 0.004420948055634401, "73": 0.010296622196991189, "71": 0.014525972182798745, "68": 0.017634118648878788, "77": 0.006244677831393695, "65": 0.07220408742548957, "64": 0.01677547544706216, "62": 0.06388021572523415, "60": 0.016576781152426896, "63": 0.025397388589270518, "66": 0.014426625035481123, "61": 0.005669883621913138, "58": 0.005769230769230766, "59": 0.0016889015043996588, "57": 0.001348282713596366, "56": 8.515469770082312e-05, "54": 8.515469770082312e-05, "84": 0.0006386602327561734, "82": 0.0011921657678115236, "86": 0.0005535055350553503, "89": 4.257734885041156e-05, "87": 4.257734885041156e-05, "80": 0.00046835083735452716, "85": 4.257734885041156e-05, "55": 0.00046835083735452716, "43": 0.0005109281862049387, "48": 0.0008089696281578196}, "c": {"68": 0.0425271136556062, "67": 0.17022134419223497, "65": 0.08494940128210292, "63": 0.12425916219812118, "62": 0.0462524694593396, "70": 0.09860903922912542, "69": 0.014087005604160784, "72": 0.13900737813974126, "71": 0.016481877192275132, "64": 0.005975083659234769, "60": 0.05261460307220901, "66": 0.017788170785792045, "74": 0.06868523968874729, "75": 0.06122646454057974, "58": 0.006491150264080959, "77": 0.015207837761561102, "73": 0.011482481957827681, "76": 0.003144780873281458, "61": 0.0035318308269160987, "79": 0.004088215135265895, "59": 0.0040478974317622865, "82": 0.0002902874652259807, "80": 0.0018384872797645444, "55": 0.0017417247913558843, "57": 0.0011611498609039228, "56": 0.0002419062210216506, "81": 0.0010643873724952627, "83": 0.0002902874652259807, "78": 0.00012901665121154698, "88": 0.0003547957908317542, "86": 0.00016127081401443372, "84": 0.000645083256057735, "87": 0.00016127081401443372, "85": 0.0007740999072692819, "89": 6.450832560577349e-05, "90": 6.450832560577349e-05, "91": 0.0002902874652259807, "53": 4.838124420433012e-05}, "E-": {"65": 0.10531895914570445, "67": 0.17206208425720598, "58": 0.01991487626475012, "68": 0.07234498050309668, "70": 0.18853633050437058, "72": 0.08240181461375758, "63": 0.13659556031296993, "62": 0.020633585646201304, "69": 0.013492366898590614, "73": 0.012926574406809901, "75": 0.06077426918469812, "77": 0.012569768330912152, "74": 0.03483956469658741, "60": 0.01623467645334761, "71": 0.013793103448275869, "79": 0.006728343145500423, "66": 0.014068353849682703, "64": 0.004878048780487807, "59": 0.0019420444988148947, "61": 0.002686240028544487, "82": 0.002140836455386498, "80": 0.0010092514718250635, "84": 0.0008410428931875529, "83": 0.00021408364553864983, "78": 0.0005454035731579888, "57": 0.000367000535209114, "76": 0.0012539184952978062, "81": 0.00015291688967046415, "56": 0.000550500802813671, "55": 6.116675586818566e-05, "54": 6.116675586818566e-05, "53": 6.116675586818566e-05}, "C": {"60": 0.0675604263091628, "64": 0.123927577095636, "67": 0.1829086201698849, "72": 0.1361954921884699, "65": 0.06981610540689118, "62": 0.06666312000141864, "76": 0.04403539571917503, "74": 0.04988030004787999, "71": 0.055320884538312846, "69": 0.0864925254029899, "70": 0.01475058076643436, "68": 0.015186820591938436, "77": 0.011735915305633879, "61": 0.0034047986380805447, "57": 0.003340958663616535, "59": 0.008813463141281412, "63": 0.010480395807841679, "66": 0.013417034633186156, "73": 0.004319838272064691, "75": 0.006082530900320974, "58": 0.0015711727048642518, "55": 0.004855384724512778, "56": 0.00036530652054405846, "78": 0.001361919455232218, "79": 0.010881168980865743, "81": 0.0034934652692805595, "83": 0.0010001595999361602, "84": 0.001617279353088259, "86": 0.00017023993190402726, "82": 0.0002766398893440443, "54": 1.0639995744001704e-05, "80": 6.383997446401023e-05}, "B-": {"75": 0.02430595433236932, "65": 0.1777999352676475, "72": 0.10119128410194295, "74": 0.1060879733553284, "77": 0.023209680618924824, "79": 0.0030382442915461647, "81": 0.0011275958195429063, "80": 0.0007412898443291328, "69": 0.06844924252706756, "67": 0.07684356696144261, "70": 0.1409912402509942, "64": 0.016271834118126105, "63": 0.051336931895300676, "62": 0.07782499295252618, "58": 0.018730619446851608, "60": 0.03609350692740581, "68": 0.015974274110191176, "57": 0.0021612253207905704, "73": 0.011912841019430144, "78": 0.0008143747585587655, "76": 0.007799204418505102, "66": 0.012727215777988913, "71": 0.011829315403167708, "61": 0.005711064011944165, "59": 0.0031739734179726253, "82": 0.000501153697574625, "55": 0.0009396631829524219, "56": 0.0011902400317397343, "53": 0.0008770189707555938, "54": 0.0003132210609841406, "84": 3.132210609841406e-05}, "e-": {"69": 0.020301624129930394, "70": 0.18155452436194897, "68": 0.08971384377416859, "66": 0.08004640371229699, "58": 0.048723897911832945, "61": 0.029969064191802012, "63": 0.18039443155452436, "65": 0.06438515081206496, "56": 0.0069605568445475635, "54": 0.002320185614849188, "75": 0.07424593967517401, "78": 0.033642691415313224, "71": 0.043503480278422275, "72": 0.013921113689095127, "73": 0.016241299303944315, "77": 0.04524361948955916, "74": 0.015081206496519721, "62": 0.009667440061871615, "67": 0.021461716937354988, "59": 0.002320185614849188, "64": 0.011020881670533642, "79": 0.009280742459396751}, "d": {"69": 0.18020012916970712, "76": 0.027209514942586575, "74": 0.08359125336554185, "62": 0.10588560932034927, "64": 0.07914580240389858, "65": 0.16304739857242312, "72": 0.06292410021556245, "67": 0.11601788245556652, "70": 0.03656173724868522, "60": 0.02363637888662423, "68": 0.019434169581372715, "73": 0.011105239760784409, "71": 0.013546043968026299, "77": 0.018796708688759715, "75": 0.004479001534938727, "66": 0.011658824220158856, "61": 0.009343834662774797, "59": 0.0018620568178958755, "63": 0.009343834662774799, "57": 0.0037744394957348825, "58": 0.0025666188570997203, "79": 0.007867609437776266, "78": 0.000654236179260713,