{"0": {"tp": 0.1523809523809524, "tn": 0.29523809523809524, "fp": 0.49523809523809526, "fn": 0.05714285714285714, "accuracy": 0.44761904761904764, "precision": 0.23529411764705882, "recall": 0.7272727272727273, "similarity": 0.5523809523809524}, "1": {"tp": 0.15, "tn": 0.21666666666666667, "fp": 0.5833333333333334, "fn": 0.05, "accuracy": 0.3666666666666667, "precision": 0.20454545454545453, "recall": 0.7499999999999999, "similarity": 0.6333333333333333}, "2": {"tp": 0.11764705882352941, "tn": 0.29411764705882354, "fp": 0.5470588235294118, "fn": 0.041176470588235294, "accuracy": 0.4117647058823529, "precision": 0.17699115044247785, "recall": 0.7407407407407408, "similarity": 0.5882352941176471}, "3": {"tp": 0.06060606060606061, "tn": 0.4393939393939394, "fp": 0.3787878787878788, "fn": 0.12121212121212122, "accuracy": 0.5, "precision": 0.13793103448275862, "recall": 0.3333333333333333, "similarity": 0.5}, "4": {"tp": 0.10285714285714286, "tn": 0.37142857142857144, "fp": 0.41714285714285715, "fn": 0.10857142857142857, "accuracy": 0.4742857142857143, "precision": 0.1978021978021978, "recall": 0.4864864864864865, "similarity": 0.5257142857142857}, "5": {"tp": 0.06756756756756757, "tn": 0.4864864864864865, "fp": 0.36486486486486486, "fn": 0.08108108108108109, "accuracy": 0.5540540540540541, "precision": 0.15625, "recall": 0.45454545454545453, "similarity": 0.44594594594594594}, "6": {"tp": 0.128, "tn": 0.32, "fp": 0.456, "fn": 0.096, "accuracy": 0.448, "precision": 0.2191780821917808, "recall": 0.5714285714285714, "similarity": 0.552}, "7": {"tp": 0.0594059405940594, "tn": 0.3910891089108911, "fp": 0.4306930693069307, "fn": 0.1188118811881188, "accuracy": 0.4504950495049505, "precision": 0.12121212121212122, "recall": 0.3333333333333333, "similarity": 0.5495049504950495}, "8": {"tp": 0.02654867256637168, "tn": 0.6371681415929203, "fp": 0.1504424778761062, "fn": 0.18584070796460178, "accuracy": 0.6637168141592921, "precision": 0.15, "recall": 0.125, "similarity": 0.336283185840708}, "9": {"tp": 0.0603448275862069, "tn": 0.4827586206896552, "fp": 0.3275862068965517, "fn": 0.12931034482758622, "accuracy": 0.5431034482758621, "precision": 0.15555555555555556, "recall": 0.3181818181818182, "similarity": 0.45689655172413796}, "10": {"tp": 0.15492957746478872, "tn": 0.2676056338028169, "fp": 0.5211267605633803, "fn": 0.056338028169014086, "accuracy": 0.4225352112676056, "precision": 0.22916666666666666, "recall": 0.7333333333333333, "similarity": 0.5774647887323944}, "11": {"tp": 0.10588235294117647, "tn": 0.3411764705882353, "fp": 0.47058823529411764, "fn": 0.08235294117647059, "accuracy": 0.4470588235294118, "precision": 0.1836734693877551, "recall": 0.5625, "similarity": 0.5529411764705883}, "12": {"tp": 0.047619047619047616, "tn": 0.5034013605442177, "fp": 0.35374149659863946, "fn": 0.09523809523809523, "accuracy": 0.5510204081632654, "precision": 0.11864406779661016, "recall": 0.3333333333333333, "similarity": 0.4489795918367347}, "13": {"tp": 0.04938271604938271, "tn": 0.5061728395061729, "fp": 0.2716049382716049, "fn": 0.1728395061728395, "accuracy": 0.5555555555555556, "precision": 0.15384615384615385, "recall": 0.2222222222222222, "similarity": 0.4444444444444444}, "14": {"tp": 0.045454545454545456, "tn": 0.6060606060606061, "fp": 0.26515151515151514, "fn": 0.08333333333333333, "accuracy": 0.6515151515151515, "precision": 0.14634146341463414, "recall": 0.35294117647058826, "similarity": 0.3484848484848485}, "15": {"tp": 0.11904761904761904, "tn": 0.3888888888888889, "fp": 0.4365079365079365, "fn": 0.05555555555555555, "accuracy": 0.5079365079365079, "precision": 0.21428571428571427, "recall": 0.6818181818181818, "similarity": 0.49206349206349204}, "16": {"tp": 0.09259259259259259, "tn": 0.48148148148148145, "fp": 0.3425925925925926, "fn": 0.08333333333333333, "accuracy": 0.5740740740740741, "precision": 0.21276595744680848, "recall": 0.5263157894736842, "similarity": 0.42592592592592593}, "17": {"tp": 0.10476190476190476, "tn": 0.45714285714285713, "fp": 0.3142857142857143, "fn": 0.12380952380952381, "accuracy": 0.5619047619047619, "precision": 0.25, "recall": 0.4583333333333333, "similarity": 0.4380952380952381}, "18": {"tp": 0.13793103448275862, "tn": 0.367816091954023, "fp": 0.41379310344827586, "fn": 0.08045977011494253, "accuracy": 0.5057471264367817, "precision": 0.25, "recall": 0.631578947368421, "similarity": 0.4942528735632184}, "19": {"tp": 0.031746031746031744, "tn": 0.6507936507936508, "fp": 0.15873015873015872, "fn": 0.15873015873015872, "accuracy": 0.6825396825396826, "precision": 0.16666666666666666, "recall": 0.16666666666666666, "similarity": 0.31746031746031744}, "20": {"tp": 0.08695652173913043, "tn": 0.2717391304347826, "fp": 0.532608695652174, "fn": 0.10869565217391304, "accuracy": 0.358695652173913, "precision": 0.14035087719298242, "recall": 0.4444444444444445, "similarity": 0.6413043478260869}, "21": {"tp": 0.0660377358490566, "tn": 0.589622641509434, "fp": 0.2028301886792453, "fn": 0.14150943396226415, "accuracy": 0.6556603773584906, "precision": 0.2456140350877193, "recall": 0.3181818181818182, "similarity": 0.3443396226415094}, "22": {"tp": 0.06164383561643835, "tn": 0.5273972602739726, "fp": 0.3287671232876712, "fn": 0.0821917808219178, "accuracy": 0.589041095890411, "precision": 0.15789473684210525, "recall": 0.42857142857142855, "similarity": 0.410958904109589}, "23": {"tp": 0.05454545454545454, "tn": 0.5363636363636364, "fp": 0.2636363636363636, "fn": 0.14545454545454545, "accuracy": 0.5909090909090909, "precision": 0.17142857142857143, "recall": 0.27272727272727276, "similarity": 0.4090909090909091}, "24": {"tp": 0.05172413793103448, "tn": 0.5172413793103449, "fp": 0.29310344827586204, "fn": 0.13793103448275862, "accuracy": 0.5689655172413793, "precision": 0.15000000000000002, "recall": 0.27272727272727276, "similarity": 0.43103448275862066}, "25": {"tp": 0.16, "tn": 0.22666666666666666, "fp": 0.5466666666666666, "fn": 0.06666666666666667, "accuracy": 0.38666666666666666, "precision": 0.22641509433962265, "recall": 0.7058823529411764, "similarity": 0.6133333333333333}, "26": {"tp": 0.02727272727272727, "tn": 0.39090909090909093, "fp": 0.44545454545454544, "fn": 0.13636363636363635, "accuracy": 0.4181818181818182, "precision": 0.05769230769230769, "recall": 0.16666666666666666, "similarity": 0.5818181818181818}, "27": {"tp": 0.12871287128712872, "tn": 0.3465346534653465, "fp": 0.4752475247524752, "fn": 0.04950495049504951, "accuracy": 0.4752475247524752, "precision": 0.21311475409836067, "recall": 0.7222222222222223, "similarity": 0.5247524752475248}, "28": {"tp": 0.0, "tn": 0.5714285714285714, "fp": 0.23809523809523808, "fn": 0.19047619047619047, "accuracy": 0.5714285714285714, "precision": 0.0, "recall": 0.0, "similarity": 0.42857142857142855}, "29": {"tp": 0.07246376811594203, "tn": 0.5289855072463768, "fp": 0.1956521739130435, "fn": 0.2028985507246377, "accuracy": 0.6014492753623188, "precision": 0.27027027027027023, "recall": 0.2631578947368421, "similarity": 0.39855072463768115}, "30": {"tp": 0.07352941176470588, "tn": 0.6617647058823529, "fp": 0.19117647058823528, "fn": 0.07352941176470588, "accuracy": 0.7352941176470589, "precision": 0.2777777777777778, "recall": 0.5, "similarity": 0.2647058823529412}, "31": {"tp": 0.031007751937984496, "tn": 0.6434108527131783, "fp": 0.15503875968992248, "fn": 0.17054263565891473, "accuracy": 0.6744186046511628, "precision": 0.16666666666666666, "recall": 0.15384615384615385, "similarity": 0.32558139534883723}, "32": {"tp": 0.09740259740259741, "tn": 0.4155844155844156, "fp": 0.4025974025974026, "fn": 0.08441558441558442, "accuracy": 0.512987012987013, "precision": 0.19480519480519481, "recall": 0.5357142857142857, "similarity": 0.487012987012987}, "33": {"tp": 0.0625, "tn": 0.671875, "fp": 0.125, "fn": 0.140625, "accuracy": 0.734375, "precision": 0.3333333333333333, "recall": 0.3076923076923077, "similarity": 0.265625}, "34": {"tp": 0.19148936170212766,