{"0": {"tp": 0.028985507246376812, "tn": 0.6376811594202898, "fp": 0.043478260869565216, "fn": 0.2898550724637681, "accuracy": 0.6666666666666666, "precision": 0.39999999999999997, "recall": 0.0909090909090909, "similarity": 0.3333333333333333}, "1": {"tp": 0.0, "tn": 0.48717948717948717, "fp": 0.07692307692307693, "fn": 0.4358974358974359, "accuracy": 0.48717948717948717, "precision": 0.0, "recall": 0.0, "similarity": 0.5128205128205128}, "2": {"tp": 0.045714285714285714, "tn": 0.5142857142857142, "fp": 0.10285714285714286, "fn": 0.33714285714285713, "accuracy": 0.5599999999999999, "precision": 0.30769230769230765, "recall": 0.11940298507462688, "similarity": 0.44}, "3": {"tp": 0.021505376344086023, "tn": 0.5376344086021505, "fp": 0.043010752688172046, "fn": 0.3978494623655914, "accuracy": 0.5591397849462366, "precision": 0.33333333333333337, "recall": 0.051282051282051294, "similarity": 0.44086021505376344}, "4": {"tp": 0.13157894736842105, "tn": 0.2631578947368421, "fp": 0.2894736842105263, "fn": 0.3157894736842105, "accuracy": 0.39473684210526316, "precision": 0.3125, "recall": 0.29411764705882354, "similarity": 0.6052631578947368}, "5": {"tp": 0.16216216216216217, "tn": 0.2972972972972973, "fp": 0.13513513513513514, "fn": 0.40540540540540543, "accuracy": 0.4594594594594595, "precision": 0.5454545454545454, "recall": 0.28571428571428575, "similarity": 0.5405405405405406}, "6": {"tp": 0.125, "tn": 0.5480769230769231, "fp": 0.11538461538461539, "fn": 0.21153846153846154, "accuracy": 0.6730769230769231, "precision": 0.52, "recall": 0.3714285714285714, "similarity": 0.3269230769230769}, "7": {"tp": 0.08888888888888889, "tn": 0.4666666666666667, "fp": 0.2222222222222222, "fn": 0.2222222222222222, "accuracy": 0.5555555555555556, "precision": 0.2857142857142857, "recall": 0.2857142857142857, "similarity": 0.4444444444444444}, "8": {"tp": 0.05263157894736842, "tn": 0.42105263157894735, "fp": 0.10526315789473684, "fn": 0.42105263157894735, "accuracy": 0.47368421052631576, "precision": 0.3333333333333333, "recall": 0.1111111111111111, "similarity": 0.5263157894736842}, "9": {"tp": 0.12598425196850394, "tn": 0.4330708661417323, "fp": 0.2204724409448819, "fn": 0.2204724409448819, "accuracy": 0.5590551181102362, "precision": 0.36363636363636365, "recall": 0.36363636363636365, "similarity": 0.4409448818897638}, "10": {"tp": 0.3018867924528302, "tn": 0.18867924528301888, "fp": 0.3018867924528302, "fn": 0.20754716981132076, "accuracy": 0.49056603773584906, "precision": 0.5, "recall": 0.5925925925925926, "similarity": 0.5094339622641509}, "11": {"tp": 0.021739130434782608, "tn": 0.5217391304347826, "fp": 0.010869565217391304, "fn": 0.44565217391304346, "accuracy": 0.5434782608695652, "precision": 0.6666666666666666, "recall": 0.046511627906976744, "similarity": 0.45652173913043476}, "12": {"tp": 0.06521739130434782, "tn": 0.41304347826086957, "fp": 0.13043478260869565, "fn": 0.391304347826087, "accuracy": 0.4782608695652174, "precision": 0.33333333333333337, "recall": 0.14285714285714285, "similarity": 0.5217391304347826}, "13": {"tp": 0.08264462809917356, "tn": 0.6198347107438017, "fp": 0.08264462809917356, "fn": 0.21487603305785125, "accuracy": 0.7024793388429753, "precision": 0.5, "recall": 0.2777777777777778, "similarity": 0.2975206611570248}, "14": {"tp": 0.15625, "tn": 0.37890625, "fp": 0.26171875, "fn": 0.203125, "accuracy": 0.53515625, "precision": 0.37383177570093457, "recall": 0.43478260869565216, "similarity": 0.46484375}, "15": {"tp": 0.06315789473684211, "tn": 0.5789473684210527, "fp": 0.09473684210526316, "fn": 0.2631578947368421, "accuracy": 0.6421052631578947, "precision": 0.4, "recall": 0.1935483870967742, "similarity": 0.35789473684210527}, "16": {"tp": 0.06818181818181818, "tn": 0.6136363636363636, "fp": 0.1590909090909091, "fn": 0.1590909090909091, "accuracy": 0.6818181818181819, "precision": 0.3, "recall": 0.3, "similarity": 0.3181818181818182}, "17": {"tp": 0.06896551724137931, "tn": 0.47413793103448276, "fp": 0.08620689655172414, "fn": 0.3706896551724138, "accuracy": 0.5431034482758621, "precision": 0.4444444444444444, "recall": 0.15686274509803919, "similarity": 0.45689655172413796}, "18": {"tp": 0.03571428571428571, "tn": 0.42857142857142855, "fp": 0.30357142857142855, "fn": 0.23214285714285715, "accuracy": 0.46428571428571425, "precision": 0.10526315789473685, "recall": 0.13333333333333333, "similarity": 0.5357142857142857}, "19": {"tp": 0.1044776119402985, "tn": 0.40298507462686567, "fp": 0.11940298507462686, "fn": 0.373134328358209, "accuracy": 0.5074626865671642, "precision": 0.4666666666666667, "recall": 0.21874999999999997, "similarity": 0.4925373134328358}, "20": {"tp": 0.02040816326530612, "tn": 0.5714285714285714, "fp": 0.02040816326530612, "fn": 0.3877551020408163, "accuracy": 0.5918367346938775, "precision": 0.5, "recall": 0.049999999999999996, "similarity": 0.40816326530612246}, "21": {"tp": 0.0, "tn": 0.6111111111111112, "fp": 0.0, "fn": 0.3888888888888889, "accuracy": 0.6111111111111112, "precision": 0, "recall": 0.0, "similarity": 0.3888888888888889}, "22": {"tp": 0.08974358974358974, "tn": 0.6153846153846154, "fp": 0.10256410256410256, "fn": 0.19230769230769232, "accuracy": 0.7051282051282052, "precision": 0.46666666666666673, "recall": 0.3181818181818182, "similarity": 0.2948717948717949}, "23": {"tp": 0.06451612903225806, "tn": 0.5967741935483871, "fp": 0.03225806451612903, "fn": 0.3064516129032258, "accuracy": 0.6612903225806452, "precision": 0.6666666666666666, "recall": 0.17391304347826086, "similarity": 0.3387096774193548}, "24": {"tp": 0.11475409836065574, "tn": 0.39344262295081966, "fp": 0.14754098360655737, "fn": 0.3442622950819672, "accuracy": 0.5081967213114754, "precision": 0.4375, "recall": 0.25, "similarity": 0.4918032786885246}, "25": {"tp": 0.17796610169491525, "tn": 0.4406779661016949, "fp": 0.1694915254237288, "fn": 0.211864406779661, "accuracy": 0.6186440677966102, "precision": 0.5121951219512195, "recall": 0.4565217391304348, "similarity": 0.3813559322033898}, "26": {"tp": 0.047619047619047616, "tn": 0.44761904761904764, "fp": 0.12380952380952381, "fn": 0.38095238095238093, "accuracy": 0.49523809523809526, "precision": 0.27777777777777773, "recall": 0.1111111111111111, "similarity": 0.5047619047619047}, "27": {"tp": 0.02631578947368421, "tn": 0.7105263157894737, "fp": 0.013157894736842105, "fn": 0.25, "accuracy": 0.7368421052631579, "precision": 0.6666666666666666, "recall": 0.09523809523809525, "similarity": 0.2631578947368421}, "28": {"tp": 0.125, "tn": 0.4583333333333333, "fp": 0.19791666666666666, "fn": 0.21875, "accuracy": 0.5833333333333334, "precision": 0.38709677419354843, "recall": 0.36363636363636365, "similarity": 0.4166666666666667}, "29": {"tp": 0.0873015873015873, "tn": 0.42857142857142855, "fp": 0.19047619047619047, "fn": 0.29365079365079366, "accuracy": 0.5158730158730158, "precision": 0.3142857142857143, "recall": 0.22916666666666666, "similarity": 0.48412698412698413}, "30": {"tp": 0.15, "tn": 0.475, "fp": 0.175, "fn": 0.2, "accuracy": 0.625, "precision": 0.46153846153846156, "recall": 0.4285714285714286, "similarity": 0.375}, "31": {"tp": 0.017857142857142856, "tn": 0.6071428571428571, "fp": 0.125, "fn": 0.25, "accuracy": 0.625, "precision": 0.125, "recall": 0.06666666666666667, "similarity": 0.375}, "32": {"tp": 0.023622047244094488, "tn": 0.5826771653543307, "fp": 0.05511811023622047, "fn": 0.33858267716535434, "accuracy": 0.6062992125984251, "precision": 0.3, "recall": 0.06521739130434782, "similarity": 0.3937007874015748}, "33": {"tp": 0.11864406779661017, "tn": 0.2542372881355932, "fp": 0.423728813559322, "fn": 0.2033898305084746, "accuracy": 0.3728813559322034, "precision": 0.21875, "recall": 0.3684210526315789, "similarity": 0.6271186440677966}, "34": {"tp": 0.11764705882352941, "tn": 0.4588235294117647, "fp": 0.2235294117647059, "fn": 0.2, "accuracy": 0.5764705882352941, "precision": 0.3448275862068965, "recall": 0.3703703703703704, "similarity": 0.4235294117647059},