{"0": {"tp": 0.17391304347826086, "tn": 0.34782608695652173, "fp": 0.3333333333333333, "fn": 0.14492753623188406, "accuracy": 0.5217391304347826, "precision": 0.3428571428571428, "recall": 0.5454545454545455, "similarity": 0.4782608695652174}, "1": {"tp": 0.05128205128205128, "tn": 0.46153846153846156, "fp": 0.10256410256410256, "fn": 0.38461538461538464, "accuracy": 0.5128205128205129, "precision": 0.3333333333333333, "recall": 0.11764705882352941, "similarity": 0.48717948717948717}, "2": {"tp": 0.3028571428571429, "tn": 0.12, "fp": 0.49714285714285716, "fn": 0.08, "accuracy": 0.4228571428571429, "precision": 0.37857142857142856, "recall": 0.7910447761194029, "similarity": 0.5771428571428572}, "3": {"tp": 0.053763440860215055, "tn": 0.4838709677419355, "fp": 0.0967741935483871, "fn": 0.3655913978494624, "accuracy": 0.5376344086021505, "precision": 0.35714285714285715, "recall": 0.1282051282051282, "similarity": 0.46236559139784944}, "4": {"tp": 0.07894736842105263, "tn": 0.42105263157894735, "fp": 0.13157894736842105, "fn": 0.3684210526315789, "accuracy": 0.5, "precision": 0.375, "recall": 0.17647058823529413, "similarity": 0.5}, "5": {"tp": 0.24324324324324326, "tn": 0.24324324324324326, "fp": 0.1891891891891892, "fn": 0.32432432432432434, "accuracy": 0.4864864864864865, "precision": 0.5625, "recall": 0.4285714285714286, "similarity": 0.5135135135135135}, "6": {"tp": 0.057692307692307696, "tn": 0.5961538461538461, "fp": 0.0673076923076923, "fn": 0.27884615384615385, "accuracy": 0.6538461538461539, "precision": 0.46153846153846156, "recall": 0.17142857142857143, "similarity": 0.34615384615384615}, "7": {"tp": 0.03333333333333333, "tn": 0.6888888888888889, "fp": 0.0, "fn": 0.2777777777777778, "accuracy": 0.7222222222222222, "precision": 1.0, "recall": 0.10714285714285714, "similarity": 0.2777777777777778}, "8": {"tp": 0.13157894736842105, "tn": 0.42105263157894735, "fp": 0.10526315789473684, "fn": 0.34210526315789475, "accuracy": 0.5526315789473684, "precision": 0.5555555555555556, "recall": 0.27777777777777773, "similarity": 0.4473684210526316}, "9": {"tp": 0.047244094488188976, "tn": 0.5118110236220472, "fp": 0.14173228346456693, "fn": 0.2992125984251969, "accuracy": 0.5590551181102362, "precision": 0.25, "recall": 0.13636363636363635, "similarity": 0.4409448818897638}, "10": {"tp": 0.22641509433962265, "tn": 0.24528301886792453, "fp": 0.24528301886792453, "fn": 0.2830188679245283, "accuracy": 0.4716981132075472, "precision": 0.48, "recall": 0.4444444444444445, "similarity": 0.5283018867924528}, "11": {"tp": 0.010869565217391304, "tn": 0.4891304347826087, "fp": 0.043478260869565216, "fn": 0.45652173913043476, "accuracy": 0.5, "precision": 0.2, "recall": 0.023255813953488372, "similarity": 0.5}, "12": {"tp": 0.0, "tn": 0.4782608695652174, "fp": 0.06521739130434782, "fn": 0.45652173913043476, "accuracy": 0.4782608695652174, "precision": 0.0, "recall": 0.0, "similarity": 0.5217391304347826}, "13": {"tp": 0.04132231404958678, "tn": 0.6859504132231405, "fp": 0.01652892561983471, "fn": 0.256198347107438, "accuracy": 0.7272727272727273, "precision": 0.7142857142857143, "recall": 0.1388888888888889, "similarity": 0.2727272727272727}, "14": {"tp": 0.0078125, "tn": 0.5859375, "fp": 0.0546875, "fn": 0.3515625, "accuracy": 0.59375, "precision": 0.125, "recall": 0.021739130434782608, "similarity": 0.40625}, "15": {"tp": 0.010526315789473684, "tn": 0.6421052631578947, "fp": 0.031578947368421054, "fn": 0.3157894736842105, "accuracy": 0.6526315789473685, "precision": 0.25, "recall": 0.03225806451612904, "similarity": 0.3473684210526316}, "16": {"tp": 0.045454545454545456, "tn": 0.6590909090909091, "fp": 0.11363636363636363, "fn": 0.18181818181818182, "accuracy": 0.7045454545454545, "precision": 0.28571428571428575, "recall": 0.19999999999999998, "similarity": 0.29545454545454547}, "17": {"tp": 0.034482758620689655, "tn": 0.4827586206896552, "fp": 0.07758620689655173, "fn": 0.4051724137931034, "accuracy": 0.5172413793103449, "precision": 0.3076923076923077, "recall": 0.0784313725490196, "similarity": 0.4827586206896552}, "18": {"tp": 0.0625, "tn": 0.48214285714285715, "fp": 0.25, "fn": 0.20535714285714285, "accuracy": 0.5446428571428572, "precision": 0.2, "recall": 0.23333333333333334, "similarity": 0.45535714285714285}, "19": {"tp": 0.07462686567164178, "tn": 0.3880597014925373, "fp": 0.13432835820895522, "fn": 0.40298507462686567, "accuracy": 0.4626865671641791, "precision": 0.35714285714285715, "recall": 0.15625, "similarity": 0.5373134328358209}, "20": {"tp": 0.0, "tn": 0.4897959183673469, "fp": 0.10204081632653061, "fn": 0.40816326530612246, "accuracy": 0.4897959183673469, "precision": 0.0, "recall": 0.0, "similarity": 0.5102040816326531}, "21": {"tp": 0.1111111111111111, "tn": 0.5, "fp": 0.1111111111111111, "fn": 0.2777777777777778, "accuracy": 0.6111111111111112, "precision": 0.5, "recall": 0.2857142857142857, "similarity": 0.3888888888888889}, "22": {"tp": 0.05128205128205128, "tn": 0.6153846153846154, "fp": 0.10256410256410256, "fn": 0.23076923076923078, "accuracy": 0.6666666666666667, "precision": 0.3333333333333333, "recall": 0.18181818181818182, "similarity": 0.3333333333333333}, "23": {"tp": 0.08064516129032258, "tn": 0.41935483870967744, "fp": 0.20967741935483872, "fn": 0.2903225806451613, "accuracy": 0.5, "precision": 0.27777777777777773, "recall": 0.21739130434782608, "similarity": 0.5}, "24": {"tp": 0.03278688524590164, "tn": 0.5409836065573771, "fp": 0.0, "fn": 0.4262295081967213, "accuracy": 0.5737704918032788, "precision": 1.0, "recall": 0.07142857142857144, "similarity": 0.4262295081967213}, "25": {"tp": 0.1271186440677966, "tn": 0.4491525423728814, "fp": 0.16101694915254236, "fn": 0.2627118644067797, "accuracy": 0.576271186440678, "precision": 0.4411764705882353, "recall": 0.3260869565217391, "similarity": 0.423728813559322}, "26": {"tp": 0.06666666666666667, "tn": 0.5047619047619047, "fp": 0.06666666666666667, "fn": 0.3619047619047619, "accuracy": 0.5714285714285714, "precision": 0.5, "recall": 0.15555555555555556, "similarity": 0.42857142857142855}, "27": {"tp": 0.10526315789473684, "tn": 0.5, "fp": 0.2236842105263158, "fn": 0.17105263157894737, "accuracy": 0.6052631578947368, "precision": 0.31999999999999995, "recall": 0.380952380952381, "similarity": 0.39473684210526316}, "28": {"tp": 0.041666666666666664, "tn": 0.5833333333333334, "fp": 0.07291666666666667, "fn": 0.3020833333333333, "accuracy": 0.625, "precision": 0.3636363636363636, "recall": 0.1212121212121212, "similarity": 0.375}, "29": {"tp": 0.0, "tn": 0.5555555555555556, "fp": 0.06349206349206349, "fn": 0.38095238095238093, "accuracy": 0.5555555555555556, "precision": 0.0, "recall": 0.0, "similarity": 0.4444444444444444}, "30": {"tp": 0.05, "tn": 0.45, "fp": 0.2, "fn": 0.3, "accuracy": 0.5, "precision": 0.2, "recall": 0.14285714285714288, "similarity": 0.5}, "31": {"tp": 0.03571428571428571, "tn": 0.42857142857142855, "fp": 0.30357142857142855, "fn": 0.23214285714285715, "accuracy": 0.46428571428571425, "precision": 0.10526315789473685, "recall": 0.13333333333333333, "similarity": 0.5357142857142857}, "32": {"tp": 0.031496062992125984, "tn": 0.6299212598425197, "fp": 0.007874015748031496, "fn": 0.33070866141732286, "accuracy": 0.6614173228346456, "precision": 0.8, "recall": 0.08695652173913043, "similarity": 0.33858267716535434}, "33": {"tp": 0.06779661016949153, "tn": 0.5423728813559322, "fp": 0.13559322033898305, "fn": 0.2542372881355932, "accuracy": 0.6101694915254238, "precision": 0.3333333333333333, "recall": 0.2105263157894737, "similarity": 0.3898305084745763}, "34": {"tp": 0.1411764705882353, "tn": 0.38823529411764707, "fp": 0.29411764705882354, "fn": 0.17647058823529413, "accuracy": 0.5294117647058824, "precision": 0.3243243243243243, "recall": 0.4444444444444445, "similarity": 0.47058823529411764}, "35": {"tp": 0.10344827586206896, "tn": 0.5172413793103449, "fp": 0.06896551724137931, "fn": 0.3103448275862069, "accuracy": 0.6206896551724138, "precision": 0.6,