{"0": {"tp": 0.00980392156862745, "tn": 0.8235294117647058, "fp": 0.00980392156862745, "fn": 0.1568627450980392, "accuracy": 0.8333333333333334, "precision": 0.5, "recall": 0.058823529411764705, "similarity": 0.16666666666666666}, "1": {"tp": 0.05128205128205128, "tn": 0.6538461538461539, "fp": 0.14102564102564102, "fn": 0.15384615384615385, "accuracy": 0.7051282051282052, "precision": 0.26666666666666666, "recall": 0.25, "similarity": 0.2948717948717949}, "2": {"tp": 0.02564102564102564, "tn": 0.7282051282051282, "fp": 0.07179487179487179, "fn": 0.17435897435897435, "accuracy": 0.7538461538461538, "precision": 0.26315789473684215, "recall": 0.12820512820512822, "similarity": 0.24615384615384617}, "3": {"tp": 0.046052631578947366, "tn": 0.618421052631579, "fp": 0.17105263157894737, "fn": 0.16447368421052633, "accuracy": 0.6644736842105263, "precision": 0.2121212121212121, "recall": 0.21874999999999997, "similarity": 0.3355263157894737}, "4": {"tp": 0.028169014084507043, "tn": 0.704225352112676, "fp": 0.1267605633802817, "fn": 0.14084507042253522, "accuracy": 0.732394366197183, "precision": 0.18181818181818182, "recall": 0.16666666666666669, "similarity": 0.2676056338028169}, "5": {"tp": 0.1206896551724138, "tn": 0.5172413793103449, "fp": 0.2413793103448276, "fn": 0.1206896551724138, "accuracy": 0.6379310344827587, "precision": 0.33333333333333337, "recall": 0.5, "similarity": 0.3620689655172414}, "6": {"tp": 0.0880503144654088, "tn": 0.4591194968553459, "fp": 0.37735849056603776, "fn": 0.07547169811320754, "accuracy": 0.5471698113207547, "precision": 0.18918918918918917, "recall": 0.5384615384615384, "similarity": 0.4528301886792453}, "7": {"tp": 0.06818181818181818, "tn": 0.4393939393939394, "fp": 0.42424242424242425, "fn": 0.06818181818181818, "accuracy": 0.5075757575757576, "precision": 0.13846153846153844, "recall": 0.5, "similarity": 0.49242424242424243}, "8": {"tp": 0.0821917808219178, "tn": 0.6164383561643836, "fp": 0.1780821917808219, "fn": 0.1232876712328767, "accuracy": 0.6986301369863014, "precision": 0.3157894736842105, "recall": 0.4, "similarity": 0.3013698630136986}, "9": {"tp": 0.1118421052631579, "tn": 0.32894736842105265, "fp": 0.4934210526315789, "fn": 0.06578947368421052, "accuracy": 0.44078947368421056, "precision": 0.1847826086956522, "recall": 0.6296296296296297, "similarity": 0.5592105263157895}, "10": {"tp": 0.02857142857142857, "tn": 0.7142857142857143, "fp": 0.02857142857142857, "fn": 0.22857142857142856, "accuracy": 0.7428571428571429, "precision": 0.5, "recall": 0.11111111111111112, "similarity": 0.2571428571428571}, "11": {"tp": 0.1746031746031746, "tn": 0.3333333333333333, "fp": 0.42063492063492064, "fn": 0.07142857142857142, "accuracy": 0.5079365079365079, "precision": 0.29333333333333333, "recall": 0.7096774193548387, "similarity": 0.49206349206349204}, "12": {"tp": 0.14285714285714285, "tn": 0.3412698412698413, "fp": 0.42857142857142855, "fn": 0.0873015873015873, "accuracy": 0.48412698412698413, "precision": 0.25, "recall": 0.6206896551724138, "similarity": 0.5158730158730159}, "13": {"tp": 0.056179775280898875, "tn": 0.6348314606741573, "fp": 0.21348314606741572, "fn": 0.09550561797752809, "accuracy": 0.6910112359550562, "precision": 0.20833333333333334, "recall": 0.3703703703703704, "similarity": 0.3089887640449438}, "14": {"tp": 0.10365853658536585, "tn": 0.3323170731707317, "fp": 0.4725609756097561, "fn": 0.09146341463414634, "accuracy": 0.4359756097560976, "precision": 0.1798941798941799, "recall": 0.53125, "similarity": 0.5640243902439024}, "15": {"tp": 0.10606060606060606, "tn": 0.4393939393939394, "fp": 0.3939393939393939, "fn": 0.06060606060606061, "accuracy": 0.5454545454545454, "precision": 0.21212121212121213, "recall": 0.6363636363636364, "similarity": 0.45454545454545453}, "16": {"tp": 0.05084745762711865, "tn": 0.5084745762711864, "fp": 0.3728813559322034, "fn": 0.06779661016949153, "accuracy": 0.559322033898305, "precision": 0.12000000000000001, "recall": 0.4285714285714286, "similarity": 0.4406779661016949}, "17": {"tp": 0.11170212765957446, "tn": 0.4787234042553192, "fp": 0.2872340425531915, "fn": 0.12234042553191489, "accuracy": 0.5904255319148937, "precision": 0.27999999999999997, "recall": 0.47727272727272724, "similarity": 0.4095744680851064}, "18": {"tp": 0.07801418439716312, "tn": 0.425531914893617, "fp": 0.4326241134751773, "fn": 0.06382978723404255, "accuracy": 0.5035460992907801, "precision": 0.15277777777777776, "recall": 0.55, "similarity": 0.49645390070921985}, "19": {"tp": 0.08653846153846154, "tn": 0.4807692307692308, "fp": 0.2692307692307692, "fn": 0.16346153846153846, "accuracy": 0.5673076923076924, "precision": 0.24324324324324326, "recall": 0.34615384615384615, "similarity": 0.4326923076923077}, "20": {"tp": 0.09090909090909091, "tn": 0.5324675324675324, "fp": 0.2727272727272727, "fn": 0.1038961038961039, "accuracy": 0.6233766233766234, "precision": 0.25, "recall": 0.4666666666666667, "similarity": 0.37662337662337664}, "21": {"tp": 0.08270676691729323, "tn": 0.5112781954887218, "fp": 0.3082706766917293, "fn": 0.09774436090225563, "accuracy": 0.593984962406015, "precision": 0.21153846153846154, "recall": 0.4583333333333333, "similarity": 0.40601503759398494}, "22": {"tp": 0.09473684210526316, "tn": 0.45263157894736844, "fp": 0.3894736842105263, "fn": 0.06315789473684211, "accuracy": 0.5473684210526316, "precision": 0.1956521739130435, "recall": 0.6000000000000001, "similarity": 0.45263157894736844}, "23": {"tp": 0.034482758620689655, "tn": 0.7126436781609196, "fp": 0.06896551724137931, "fn": 0.1839080459770115, "accuracy": 0.7471264367816092, "precision": 0.3333333333333333, "recall": 0.15789473684210525, "similarity": 0.25287356321839083}, "24": {"tp": 0.06315789473684211, "tn": 0.4631578947368421, "fp": 0.28421052631578947, "fn": 0.18947368421052632, "accuracy": 0.5263157894736842, "precision": 0.18181818181818185, "recall": 0.25, "similarity": 0.47368421052631576}, "25": {"tp": 0.035211267605633804, "tn": 0.6901408450704225, "fp": 0.09154929577464789, "fn": 0.18309859154929578, "accuracy": 0.7253521126760564, "precision": 0.2777777777777778, "recall": 0.16129032258064516, "similarity": 0.2746478873239437}, "26": {"tp": 0.05555555555555555, "tn": 0.5617283950617284, "fp": 0.21604938271604937, "fn": 0.16666666666666666, "accuracy": 0.617283950617284, "precision": 0.20454545454545456, "recall": 0.25, "similarity": 0.38271604938271603}, "27": {"tp": 0.05084745762711865, "tn": 0.5847457627118644, "fp": 0.2966101694915254, "fn": 0.06779661016949153, "accuracy": 0.635593220338983, "precision": 0.14634146341463417, "recall": 0.4285714285714286, "similarity": 0.3644067796610169}, "28": {"tp": 0.10666666666666667, "tn": 0.41333333333333333, "fp": 0.38666666666666666, "fn": 0.09333333333333334, "accuracy": 0.52, "precision": 0.21621621621621623, "recall": 0.5333333333333333, "similarity": 0.48}, "29": {"tp": 0.031055900621118012, "tn": 0.6645962732919255, "fp": 0.14285714285714285, "fn": 0.16149068322981366, "accuracy": 0.6956521739130436, "precision": 0.17857142857142858, "recall": 0.16129032258064516, "similarity": 0.30434782608695654}, "30": {"tp": 0.10344827586206896, "tn": 0.5862068965517241, "fp": 0.2413793103448276, "fn": 0.06896551724137931, "accuracy": 0.689655172413793, "precision": 0.3, "recall": 0.6, "similarity": 0.3103448275862069}, "31": {"tp": 0.07692307692307693, "tn": 0.38461538461538464, "fp": 0.47435897435897434, "fn": 0.0641025641025641, "accuracy": 0.46153846153846156, "precision": 0.13953488372093023, "recall": 0.5454545454545455, "similarity": 0.5384615384615384}, "32": {"tp": 0.02358490566037736, "tn": 0.6273584905660378, "fp": 0.2028301886792453, "fn": 0.14622641509433962, "accuracy": 0.6509433962264152, "precision": 0.10416666666666667, "recall": 0.1388888888888889, "similarity": 0.3490566037735849}, "33": {"tp": 0.0136986301369863, "tn": 0.8082191780821918, "fp": 0.0273972602739726, "fn": 0.1506849315068493, "accuracy": 0.821917808219178,