{"0": {"tp": 0.02857142857142857, "tn": 0.7142857142857143, "fp": 0.0761904761904762, "fn": 0.18095238095238095, "accuracy": 0.7428571428571429, "precision": 0.2727272727272727, "recall": 0.13636363636363635, "similarity": 0.2571428571428571}, "1": {"tp": 0.15, "tn": 0.21666666666666667, "fp": 0.5833333333333334, "fn": 0.05, "accuracy": 0.3666666666666667, "precision": 0.20454545454545453, "recall": 0.7499999999999999, "similarity": 0.6333333333333333}, "2": {"tp": 0.058823529411764705, "tn": 0.6235294117647059, "fp": 0.21764705882352942, "fn": 0.1, "accuracy": 0.6823529411764706, "precision": 0.21276595744680848, "recall": 0.3703703703703704, "similarity": 0.3176470588235294}, "3": {"tp": 0.0, "tn": 0.7272727272727273, "fp": 0.09090909090909091, "fn": 0.18181818181818182, "accuracy": 0.7272727272727273, "precision": 0.0, "recall": 0.0, "similarity": 0.2727272727272727}, "4": {"tp": 0.06285714285714286, "tn": 0.5485714285714286, "fp": 0.24, "fn": 0.14857142857142858, "accuracy": 0.6114285714285714, "precision": 0.2075471698113208, "recall": 0.2972972972972973, "similarity": 0.38857142857142857}, "5": {"tp": 0.06756756756756757, "tn": 0.40540540540540543, "fp": 0.44594594594594594, "fn": 0.08108108108108109, "accuracy": 0.472972972972973, "precision": 0.13157894736842107, "recall": 0.45454545454545453, "similarity": 0.527027027027027}, "6": {"tp": 0.128, "tn": 0.352, "fp": 0.424, "fn": 0.096, "accuracy": 0.48000000000000004, "precision": 0.23188405797101447, "recall": 0.5714285714285714, "similarity": 0.52}, "7": {"tp": 0.11386138613861387, "tn": 0.24752475247524752, "fp": 0.5742574257425742, "fn": 0.06435643564356436, "accuracy": 0.3613861386138614, "precision": 0.1654676258992806, "recall": 0.638888888888889, "similarity": 0.6386138613861386}, "8": {"tp": 0.02654867256637168, "tn": 0.6283185840707964, "fp": 0.1592920353982301, "fn": 0.18584070796460178, "accuracy": 0.6548672566371682, "precision": 0.14285714285714285, "recall": 0.125, "similarity": 0.34513274336283184}, "9": {"tp": 0.02586206896551724, "tn": 0.6379310344827587, "fp": 0.1724137931034483, "fn": 0.16379310344827586, "accuracy": 0.6637931034482759, "precision": 0.13043478260869565, "recall": 0.13636363636363638, "similarity": 0.33620689655172414}, "10": {"tp": 0.07042253521126761, "tn": 0.5915492957746479, "fp": 0.19718309859154928, "fn": 0.14084507042253522, "accuracy": 0.6619718309859155, "precision": 0.26315789473684215, "recall": 0.33333333333333337, "similarity": 0.3380281690140845}, "11": {"tp": 0.058823529411764705, "tn": 0.6235294117647059, "fp": 0.18823529411764706, "fn": 0.12941176470588237, "accuracy": 0.6823529411764706, "precision": 0.23809523809523808, "recall": 0.3125, "similarity": 0.3176470588235294}, "12": {"tp": 0.047619047619047616, "tn": 0.7006802721088435, "fp": 0.1564625850340136, "fn": 0.09523809523809523, "accuracy": 0.7482993197278912, "precision": 0.2333333333333333, "recall": 0.3333333333333333, "similarity": 0.25170068027210885}, "13": {"tp": 0.04938271604938271, "tn": 0.5061728395061729, "fp": 0.2716049382716049, "fn": 0.1728395061728395, "accuracy": 0.5555555555555556, "precision": 0.15384615384615385, "recall": 0.2222222222222222, "similarity": 0.4444444444444444}, "14": {"tp": 0.05303030303030303, "tn": 0.5378787878787878, "fp": 0.3333333333333333, "fn": 0.07575757575757576, "accuracy": 0.5909090909090909, "precision": 0.13725490196078433, "recall": 0.411764705882353, "similarity": 0.4090909090909091}, "15": {"tp": 0.09523809523809523, "tn": 0.5, "fp": 0.3253968253968254, "fn": 0.07936507936507936, "accuracy": 0.5952380952380952, "precision": 0.22641509433962262, "recall": 0.5454545454545454, "similarity": 0.40476190476190477}, "16": {"tp": 0.037037037037037035, "tn": 0.5370370370370371, "fp": 0.28703703703703703, "fn": 0.1388888888888889, "accuracy": 0.5740740740740742, "precision": 0.11428571428571428, "recall": 0.21052631578947367, "similarity": 0.42592592592592593}, "17": {"tp": 0.08571428571428572, "tn": 0.5714285714285714, "fp": 0.2, "fn": 0.14285714285714285, "accuracy": 0.6571428571428571, "precision": 0.30000000000000004, "recall": 0.375, "similarity": 0.34285714285714286}, "18": {"tp": 0.10919540229885058, "tn": 0.4885057471264368, "fp": 0.29310344827586204, "fn": 0.10919540229885058, "accuracy": 0.5977011494252874, "precision": 0.27142857142857146, "recall": 0.5, "similarity": 0.40229885057471265}, "19": {"tp": 0.07936507936507936, "tn": 0.4126984126984127, "fp": 0.3968253968253968, "fn": 0.1111111111111111, "accuracy": 0.49206349206349204, "precision": 0.16666666666666666, "recall": 0.4166666666666667, "similarity": 0.5079365079365079}, "20": {"tp": 0.07065217391304347, "tn": 0.45652173913043476, "fp": 0.34782608695652173, "fn": 0.125, "accuracy": 0.5271739130434783, "precision": 0.16883116883116883, "recall": 0.3611111111111111, "similarity": 0.47282608695652173}, "21": {"tp": 0.0330188679245283, "tn": 0.660377358490566, "fp": 0.1320754716981132, "fn": 0.17452830188679244, "accuracy": 0.6933962264150944, "precision": 0.2, "recall": 0.15909090909090912, "similarity": 0.30660377358490565}, "22": {"tp": 0.08904109589041095, "tn": 0.4178082191780822, "fp": 0.4383561643835616, "fn": 0.0547945205479452, "accuracy": 0.5068493150684932, "precision": 0.16883116883116883, "recall": 0.6190476190476191, "similarity": 0.4931506849315068}, "23": {"tp": 0.0, "tn": 0.7545454545454545, "fp": 0.045454545454545456, "fn": 0.2, "accuracy": 0.7545454545454545, "precision": 0.0, "recall": 0.0, "similarity": 0.24545454545454545}, "24": {"tp": 0.034482758620689655, "tn": 0.7413793103448276, "fp": 0.06896551724137931, "fn": 0.15517241379310345, "accuracy": 0.7758620689655172, "precision": 0.3333333333333333, "recall": 0.18181818181818182, "similarity": 0.22413793103448276}, "25": {"tp": 0.12, "tn": 0.4666666666666667, "fp": 0.30666666666666664, "fn": 0.10666666666666667, "accuracy": 0.5866666666666667, "precision": 0.28125, "recall": 0.5294117647058822, "similarity": 0.41333333333333333}, "26": {"tp": 0.02727272727272727, "tn": 0.6272727272727273, "fp": 0.20909090909090908, "fn": 0.13636363636363635, "accuracy": 0.6545454545454545, "precision": 0.11538461538461538, "recall": 0.16666666666666666, "similarity": 0.34545454545454546}, "27": {"tp": 0.0891089108910891, "tn": 0.5396039603960396, "fp": 0.28217821782178215, "fn": 0.0891089108910891, "accuracy": 0.6287128712871288, "precision": 0.24, "recall": 0.5, "similarity": 0.3712871287128713}, "28": {"tp": 0.0, "tn": 0.5714285714285714, "fp": 0.23809523809523808, "fn": 0.19047619047619047, "accuracy": 0.5714285714285714, "precision": 0.0, "recall": 0.0, "similarity": 0.42857142857142855}, "29": {"tp": 0.08695652173913043, "tn": 0.5434782608695652, "fp": 0.18115942028985507, "fn": 0.18840579710144928, "accuracy": 0.6304347826086956, "precision": 0.32432432432432434, "recall": 0.3157894736842105, "similarity": 0.3695652173913043}, "30": {"tp": 0.04411764705882353, "tn": 0.5441176470588235, "fp": 0.3088235294117647, "fn": 0.10294117647058823, "accuracy": 0.5882352941176471, "precision": 0.125, "recall": 0.3, "similarity": 0.4117647058823529}, "31": {"tp": 0.05426356589147287, "tn": 0.5581395348837209, "fp": 0.24031007751937986, "fn": 0.14728682170542637, "accuracy": 0.6124031007751938, "precision": 0.18421052631578946, "recall": 0.2692307692307692, "similarity": 0.3875968992248062}, "32": {"tp": 0.05194805194805195, "tn": 0.6818181818181818, "fp": 0.13636363636363635, "fn": 0.12987012987012986, "accuracy": 0.7337662337662337, "precision": 0.27586206896551724, "recall": 0.2857142857142857, "similarity": 0.2662337662337662}, "33": {"tp": 0.0390625, "tn": 0.7265625, "fp": 0.0703125, "fn": 0.1640625, "accuracy": 0.765625, "precision": 0.35714285714285715, "recall": 0.19230769230769232, "similarity": 0.234375}, "34": {"tp": 0.19148936170212766, "tn": 0.0425531914893617, "fp": 0.7446808510638298, "fn": 0.02127659574468085, "accuracy": 0.23404255319148937, "precision": 0.20454545454545453, "recall": 0.9,