{"0": {"tp": 0.11688311688311688, "tn": 0.6363636363636364, "fp": 0.025974025974025976, "fn": 0.22077922077922077, "accuracy": 0.7532467532467533, "precision": 0.8181818181818182, "recall": 0.34615384615384615, "similarity": 0.24675324675324675}, "1": {"tp": 0.0, "tn": 0.6057692307692307, "fp": 0.0, "fn": 0.3942307692307692, "accuracy": 0.6057692307692307, "precision": 0, "recall": 0.0, "similarity": 0.3942307692307692}, "2": {"tp": 0.03007518796992481, "tn": 0.6090225563909775, "fp": 0.07518796992481203, "fn": 0.2857142857142857, "accuracy": 0.6390977443609023, "precision": 0.2857142857142857, "recall": 0.09523809523809523, "similarity": 0.3609022556390977}, "3": {"tp": 0.05555555555555555, "tn": 0.5555555555555556, "fp": 0.05555555555555555, "fn": 0.3333333333333333, "accuracy": 0.6111111111111112, "precision": 0.5, "recall": 0.14285714285714288, "similarity": 0.3888888888888889}, "4": {"tp": 0.1360544217687075, "tn": 0.3197278911564626, "fp": 0.2789115646258503, "fn": 0.2653061224489796, "accuracy": 0.45578231292517013, "precision": 0.3278688524590164, "recall": 0.33898305084745767, "similarity": 0.54421768707483}, "5": {"tp": 0.08888888888888889, "tn": 0.4222222222222222, "fp": 0.2222222222222222, "fn": 0.26666666666666666, "accuracy": 0.5111111111111111, "precision": 0.2857142857142857, "recall": 0.25, "similarity": 0.4888888888888889}, "6": {"tp": 0.03260869565217391, "tn": 0.5543478260869565, "fp": 0.07608695652173914, "fn": 0.33695652173913043, "accuracy": 0.5869565217391305, "precision": 0.3, "recall": 0.08823529411764706, "similarity": 0.41304347826086957}, "7": {"tp": 0.0, "tn": 0.6753246753246753, "fp": 0.0, "fn": 0.3246753246753247, "accuracy": 0.6753246753246753, "precision": 0, "recall": 0.0, "similarity": 0.3246753246753247}, "8": {"tp": 0.10526315789473684, "tn": 0.24561403508771928, "fp": 0.21052631578947367, "fn": 0.43859649122807015, "accuracy": 0.3508771929824561, "precision": 0.3333333333333333, "recall": 0.19354838709677422, "similarity": 0.6491228070175439}, "9": {"tp": 0.04411764705882353, "tn": 0.5, "fp": 0.08823529411764706, "fn": 0.36764705882352944, "accuracy": 0.5441176470588235, "precision": 0.33333333333333337, "recall": 0.10714285714285714, "similarity": 0.45588235294117646}, "10": {"tp": 0.07142857142857142, "tn": 0.625, "fp": 0.0, "fn": 0.30357142857142855, "accuracy": 0.6964285714285714, "precision": 1.0, "recall": 0.19047619047619047, "similarity": 0.30357142857142855}, "11": {"tp": 0.018518518518518517, "tn": 0.48148148148148145, "fp": 0.12962962962962962, "fn": 0.37037037037037035, "accuracy": 0.5, "precision": 0.125, "recall": 0.04761904761904762, "similarity": 0.5}, "12": {"tp": 0.0, "tn": 0.5595238095238095, "fp": 0.11904761904761904, "fn": 0.32142857142857145, "accuracy": 0.5595238095238095, "precision": 0.0, "recall": 0.0, "similarity": 0.44047619047619047}, "13": {"tp": 0.05128205128205128, "tn": 0.5384615384615384, "fp": 0.07692307692307693, "fn": 0.3333333333333333, "accuracy": 0.5897435897435898, "precision": 0.4, "recall": 0.13333333333333333, "similarity": 0.41025641025641024}, "14": {"tp": 0.01282051282051282, "tn": 0.6282051282051282, "fp": 0.05128205128205128, "fn": 0.3076923076923077, "accuracy": 0.641025641025641, "precision": 0.2, "recall": 0.039999999999999994, "similarity": 0.358974358974359}, "15": {"tp": 0.06172839506172839, "tn": 0.5925925925925926, "fp": 0.04938271604938271, "fn": 0.2962962962962963, "accuracy": 0.654320987654321, "precision": 0.5555555555555556, "recall": 0.1724137931034483, "similarity": 0.345679012345679}, "16": {"tp": 0.013513513513513514, "tn": 0.6216216216216216, "fp": 0.02702702702702703, "fn": 0.33783783783783783, "accuracy": 0.6351351351351352, "precision": 0.3333333333333333, "recall": 0.03846153846153847, "similarity": 0.36486486486486486}, "17": {"tp": 0.17857142857142858, "tn": 0.39285714285714285, "fp": 0.2261904761904762, "fn": 0.20238095238095238, "accuracy": 0.5714285714285714, "precision": 0.4411764705882353, "recall": 0.46875000000000006, "similarity": 0.42857142857142855}, "18": {"tp": 0.12173913043478261, "tn": 0.5043478260869565, "fp": 0.0782608695652174, "fn": 0.2956521739130435, "accuracy": 0.6260869565217391, "precision": 0.6086956521739131, "recall": 0.29166666666666663, "similarity": 0.3739130434782609}, "19": {"tp": 0.05263157894736842, "tn": 0.6578947368421053, "fp": 0.0, "fn": 0.2894736842105263, "accuracy": 0.7105263157894737, "precision": 1.0, "recall": 0.15384615384615383, "similarity": 0.2894736842105263}, "20": {"tp": 0.1590909090909091, "tn": 0.3712121212121212, "fp": 0.25, "fn": 0.2196969696969697, "accuracy": 0.5303030303030303, "precision": 0.3888888888888889, "recall": 0.42, "similarity": 0.4696969696969697}, "21": {"tp": 0.0, "tn": 0.6111111111111112, "fp": 0.0, "fn": 0.3888888888888889, "accuracy": 0.6111111111111112, "precision": 0, "recall": 0.0, "similarity": 0.3888888888888889}, "22": {"tp": 0.04081632653061224, "tn": 0.5918367346938775, "fp": 0.14285714285714285, "fn": 0.22448979591836735, "accuracy": 0.6326530612244898, "precision": 0.22222222222222224, "recall": 0.15384615384615383, "similarity": 0.3673469387755102}, "23": {"tp": 0.16049382716049382, "tn": 0.43209876543209874, "fp": 0.14814814814814814, "fn": 0.25925925925925924, "accuracy": 0.5925925925925926, "precision": 0.52, "recall": 0.38235294117647056, "similarity": 0.4074074074074074}, "24": {"tp": 0.1836734693877551, "tn": 0.24489795918367346, "fp": 0.40816326530612246, "fn": 0.16326530612244897, "accuracy": 0.4285714285714286, "precision": 0.3103448275862069, "recall": 0.5294117647058824, "similarity": 0.5714285714285714}, "25": {"tp": 0.0, "tn": 0.5344827586206896, "fp": 0.0, "fn": 0.46551724137931033, "accuracy": 0.5344827586206896, "precision": 0, "recall": 0.0, "similarity": 0.46551724137931033}, "26": {"tp": 0.02857142857142857, "tn": 0.6428571428571429, "fp": 0.04285714285714286, "fn": 0.2857142857142857, "accuracy": 0.6714285714285715, "precision": 0.4, "recall": 0.09090909090909091, "similarity": 0.32857142857142857}, "27": {"tp": 0.13194444444444445, "tn": 0.4305555555555556, "fp": 0.2013888888888889, "fn": 0.2361111111111111, "accuracy": 0.5625, "precision": 0.3958333333333333, "recall": 0.3584905660377358, "similarity": 0.4375}, "28": {"tp": 0.0, "tn": 0.6, "fp": 0.0, "fn": 0.4, "accuracy": 0.6, "precision": 0, "recall": 0.0, "similarity": 0.4}, "29": {"tp": 0.09090909090909091, "tn": 0.4025974025974026, "fp": 0.03896103896103896, "fn": 0.4675324675324675, "accuracy": 0.49350649350649356, "precision": 0.7000000000000001, "recall": 0.16279069767441862, "similarity": 0.5064935064935064}, "30": {"tp": 0.0, "tn": 0.5675675675675675, "fp": 0.05405405405405406, "fn": 0.3783783783783784, "accuracy": 0.5675675675675675, "precision": 0.0, "recall": 0.0, "similarity": 0.43243243243243246}, "31": {"tp": 0.17894736842105263, "tn": 0.4105263157894737, "fp": 0.2, "fn": 0.21052631578947367, "accuracy": 0.5894736842105264, "precision": 0.4722222222222222, "recall": 0.4594594594594595, "similarity": 0.4105263157894737}, "32": {"tp": 0.06060606060606061, "tn": 0.6060606060606061, "fp": 0.050505050505050504, "fn": 0.2828282828282828, "accuracy": 0.6666666666666667, "precision": 0.5454545454545455, "recall": 0.17647058823529413, "similarity": 0.3333333333333333}, "33": {"tp": 0.01818181818181818, "tn": 0.5818181818181818, "fp": 0.01818181818181818, "fn": 0.38181818181818183, "accuracy": 0.6, "precision": 0.5, "recall": 0.04545454545454545, "similarity": 0.4}, "34": {"tp": 0.0, "tn": 0.5869565217391305, "fp": 0.021739130434782608, "fn": 0.391304347826087, "accuracy": 0.5869565217391305, "precision": 0.0, "recall": 0.0, "similarity": 0.41304347826086957}, "35": {"tp": 0.12903225806451613, "tn": 0.4838709677419355, "fp": 0.0967741935483871, "fn": 0.2903225806451613, "accuracy": 0.6129032258064516, "precision": 0.5714285714285714, "recall": 0.30769230769230765, "similarity": 0.3870967741935484}, "36": {"tp": 0.0, "tn": 0.5769230769230769, "fp": 0.0, "fn": 0.4230769230769231,