{"0": {"tp": 0.02857142857142857, "tn": 0.7142857142857143, "fp": 0.0761904761904762, "fn": 0.18095238095238095, "accuracy": 0.7428571428571429, "precision": 0.2727272727272727, "recall": 0.13636363636363635, "similarity": 0.2571428571428571}, "1": {"tp": 0.15, "tn": 0.25833333333333336, "fp": 0.5416666666666666, "fn": 0.05, "accuracy": 0.4083333333333333, "precision": 0.21686746987951808, "recall": 0.7499999999999999, "similarity": 0.5916666666666667}, "2": {"tp": 0.058823529411764705, "tn": 0.6352941176470588, "fp": 0.20588235294117646, "fn": 0.1, "accuracy": 0.6941176470588236, "precision": 0.2222222222222222, "recall": 0.3703703703703704, "similarity": 0.3058823529411765}, "3": {"tp": 0.030303030303030304, "tn": 0.7121212121212122, "fp": 0.10606060606060606, "fn": 0.15151515151515152, "accuracy": 0.7424242424242424, "precision": 0.22222222222222224, "recall": 0.16666666666666666, "similarity": 0.25757575757575757}, "4": {"tp": 0.022857142857142857, "tn": 0.68, "fp": 0.10857142857142857, "fn": 0.18857142857142858, "accuracy": 0.702857142857143, "precision": 0.17391304347826086, "recall": 0.1081081081081081, "similarity": 0.29714285714285715}, "5": {"tp": 0.04054054054054054, "tn": 0.4594594594594595, "fp": 0.3918918918918919, "fn": 0.10810810810810811, "accuracy": 0.5, "precision": 0.09375, "recall": 0.2727272727272727, "similarity": 0.5}, "6": {"tp": 0.128, "tn": 0.352, "fp": 0.424, "fn": 0.096, "accuracy": 0.48000000000000004, "precision": 0.23188405797101447, "recall": 0.5714285714285714, "similarity": 0.52}, "7": {"tp": 0.11386138613861387, "tn": 0.24752475247524752, "fp": 0.5742574257425742, "fn": 0.06435643564356436, "accuracy": 0.3613861386138614, "precision": 0.1654676258992806, "recall": 0.638888888888889, "similarity": 0.6386138613861386}, "8": {"tp": 0.017699115044247787, "tn": 0.6371681415929203, "fp": 0.1504424778761062, "fn": 0.19469026548672566, "accuracy": 0.6548672566371682, "precision": 0.10526315789473684, "recall": 0.08333333333333333, "similarity": 0.34513274336283184}, "9": {"tp": 0.008620689655172414, "tn": 0.7155172413793104, "fp": 0.09482758620689655, "fn": 0.1810344827586207, "accuracy": 0.7241379310344828, "precision": 0.08333333333333333, "recall": 0.045454545454545456, "similarity": 0.27586206896551724}, "10": {"tp": 0.07042253521126761, "tn": 0.5915492957746479, "fp": 0.19718309859154928, "fn": 0.14084507042253522, "accuracy": 0.6619718309859155, "precision": 0.26315789473684215, "recall": 0.33333333333333337, "similarity": 0.3380281690140845}, "11": {"tp": 0.058823529411764705, "tn": 0.6235294117647059, "fp": 0.18823529411764706, "fn": 0.12941176470588237, "accuracy": 0.6823529411764706, "precision": 0.23809523809523808, "recall": 0.3125, "similarity": 0.3176470588235294}, "12": {"tp": 0.047619047619047616, "tn": 0.7346938775510204, "fp": 0.12244897959183673, "fn": 0.09523809523809523, "accuracy": 0.782312925170068, "precision": 0.27999999999999997, "recall": 0.3333333333333333, "similarity": 0.21768707482993196}, "13": {"tp": 0.04938271604938271, "tn": 0.5061728395061729, "fp": 0.2716049382716049, "fn": 0.1728395061728395, "accuracy": 0.5555555555555556, "precision": 0.15384615384615385, "recall": 0.2222222222222222, "similarity": 0.4444444444444444}, "14": {"tp": 0.030303030303030304, "tn": 0.6590909090909091, "fp": 0.21212121212121213, "fn": 0.09848484848484848, "accuracy": 0.6893939393939393, "precision": 0.125, "recall": 0.23529411764705885, "similarity": 0.3106060606060606}, "15": {"tp": 0.09523809523809523, "tn": 0.5317460317460317, "fp": 0.29365079365079366, "fn": 0.07936507936507936, "accuracy": 0.626984126984127, "precision": 0.24489795918367346, "recall": 0.5454545454545454, "similarity": 0.373015873015873}, "16": {"tp": 0.009259259259259259, "tn": 0.7407407407407407, "fp": 0.08333333333333333, "fn": 0.16666666666666666, "accuracy": 0.75, "precision": 0.1, "recall": 0.05263157894736842, "similarity": 0.25}, "17": {"tp": 0.06666666666666667, "tn": 0.7047619047619048, "fp": 0.06666666666666667, "fn": 0.1619047619047619, "accuracy": 0.7714285714285715, "precision": 0.5, "recall": 0.29166666666666663, "similarity": 0.22857142857142856}, "18": {"tp": 0.08620689655172414, "tn": 0.5172413793103449, "fp": 0.26436781609195403, "fn": 0.13218390804597702, "accuracy": 0.603448275862069, "precision": 0.2459016393442623, "recall": 0.39473684210526316, "similarity": 0.39655172413793105}, "19": {"tp": 0.047619047619047616, "tn": 0.5714285714285714, "fp": 0.23809523809523808, "fn": 0.14285714285714285, "accuracy": 0.6190476190476191, "precision": 0.16666666666666666, "recall": 0.25, "similarity": 0.38095238095238093}, "20": {"tp": 0.059782608695652176, "tn": 0.47282608695652173, "fp": 0.33152173913043476, "fn": 0.1358695652173913, "accuracy": 0.532608695652174, "precision": 0.1527777777777778, "recall": 0.3055555555555556, "similarity": 0.4673913043478261}, "21": {"tp": 0.0330188679245283, "tn": 0.660377358490566, "fp": 0.1320754716981132, "fn": 0.17452830188679244, "accuracy": 0.6933962264150944, "precision": 0.2, "recall": 0.15909090909090912, "similarity": 0.30660377358490565}, "22": {"tp": 0.08904109589041095, "tn": 0.4178082191780822, "fp": 0.4383561643835616, "fn": 0.0547945205479452, "accuracy": 0.5068493150684932, "precision": 0.16883116883116883, "recall": 0.6190476190476191, "similarity": 0.4931506849315068}, "23": {"tp": 0.0, "tn": 0.7545454545454545, "fp": 0.045454545454545456, "fn": 0.2, "accuracy": 0.7545454545454545, "precision": 0.0, "recall": 0.0, "similarity": 0.24545454545454545}, "24": {"tp": 0.034482758620689655, "tn": 0.7413793103448276, "fp": 0.06896551724137931, "fn": 0.15517241379310345, "accuracy": 0.7758620689655172, "precision": 0.3333333333333333, "recall": 0.18181818181818182, "similarity": 0.22413793103448276}, "25": {"tp": 0.10666666666666667, "tn": 0.49333333333333335, "fp": 0.28, "fn": 0.12, "accuracy": 0.6, "precision": 0.27586206896551724, "recall": 0.47058823529411764, "similarity": 0.4}, "26": {"tp": 0.02727272727272727, "tn": 0.6727272727272727, "fp": 0.16363636363636364, "fn": 0.13636363636363635, "accuracy": 0.7000000000000001, "precision": 0.14285714285714285, "recall": 0.16666666666666666, "similarity": 0.3}, "27": {"tp": 0.07920792079207921, "tn": 0.5742574257425742, "fp": 0.24752475247524752, "fn": 0.09900990099009901, "accuracy": 0.6534653465346535, "precision": 0.24242424242424243, "recall": 0.4444444444444445, "similarity": 0.3465346534653465}, "28": {"tp": 0.0, "tn": 0.5714285714285714, "fp": 0.23809523809523808, "fn": 0.19047619047619047, "accuracy": 0.5714285714285714, "precision": 0.0, "recall": 0.0, "similarity": 0.42857142857142855}, "29": {"tp": 0.09420289855072464, "tn": 0.572463768115942, "fp": 0.15217391304347827, "fn": 0.18115942028985507, "accuracy": 0.6666666666666666, "precision": 0.38235294117647056, "recall": 0.34210526315789475, "similarity": 0.3333333333333333}, "30": {"tp": 0.04411764705882353, "tn": 0.7205882352941176, "fp": 0.1323529411764706, "fn": 0.10294117647058823, "accuracy": 0.7647058823529412, "precision": 0.25, "recall": 0.3, "similarity": 0.23529411764705882}, "31": {"tp": 0.046511627906976744, "tn": 0.5968992248062015, "fp": 0.20155038759689922, "fn": 0.15503875968992248, "accuracy": 0.6434108527131782, "precision": 0.1875, "recall": 0.23076923076923078, "similarity": 0.35658914728682173}, "32": {"tp": 0.05194805194805195, "tn": 0.6818181818181818, "fp": 0.13636363636363635, "fn": 0.12987012987012986, "accuracy": 0.7337662337662337, "precision": 0.27586206896551724, "recall": 0.2857142857142857, "similarity": 0.2662337662337662}, "33": {"tp": 0.03125, "tn": 0.7421875, "fp": 0.0546875, "fn": 0.171875, "accuracy": 0.7734375, "precision": 0.36363636363636365, "recall": 0.15384615384615385, "similarity": 0.2265625}, "34": {"tp": 0.19148936170212766, "tn": 0.0425531914893617, "fp": 0.7446808510638298, "fn": 0.02127659574468085, "accuracy": 0.23404255319148937, "precision": 0.20454545454545453, "recall": 0.9, "similarity": 0.7659574468085106},