{"0": {"tp": 0.11688311688311688, "tn": 0.6363636363636364, "fp": 0.025974025974025976, "fn": 0.22077922077922077, "accuracy": 0.7532467532467533, "precision": 0.8181818181818182, "recall": 0.34615384615384615, "similarity": 0.24675324675324675}, "1": {"tp": 0.28846153846153844, "tn": 0.17307692307692307, "fp": 0.4326923076923077, "fn": 0.10576923076923077, "accuracy": 0.46153846153846156, "precision": 0.39999999999999997, "recall": 0.7317073170731707, "similarity": 0.5384615384615384}, "2": {"tp": 0.022556390977443608, "tn": 0.6090225563909775, "fp": 0.07518796992481203, "fn": 0.2932330827067669, "accuracy": 0.631578947368421, "precision": 0.23076923076923078, "recall": 0.07142857142857142, "similarity": 0.3684210526315789}, "3": {"tp": 0.0, "tn": 0.5555555555555556, "fp": 0.05555555555555555, "fn": 0.3888888888888889, "accuracy": 0.5555555555555556, "precision": 0.0, "recall": 0.0, "similarity": 0.4444444444444444}, "4": {"tp": 0.12244897959183673, "tn": 0.3673469387755102, "fp": 0.23129251700680273, "fn": 0.2789115646258503, "accuracy": 0.4897959183673469, "precision": 0.34615384615384615, "recall": 0.30508474576271183, "similarity": 0.5102040816326531}, "5": {"tp": 0.0, "tn": 0.5333333333333333, "fp": 0.1111111111111111, "fn": 0.35555555555555557, "accuracy": 0.5333333333333333, "precision": 0.0, "recall": 0.0, "similarity": 0.4666666666666667}, "6": {"tp": 0.14130434782608695, "tn": 0.4673913043478261, "fp": 0.16304347826086957, "fn": 0.22826086956521738, "accuracy": 0.6086956521739131, "precision": 0.46428571428571425, "recall": 0.38235294117647056, "similarity": 0.391304347826087}, "7": {"tp": 0.16883116883116883, "tn": 0.37012987012987014, "fp": 0.3051948051948052, "fn": 0.15584415584415584, "accuracy": 0.538961038961039, "precision": 0.35616438356164387, "recall": 0.52, "similarity": 0.461038961038961}, "8": {"tp": 0.10526315789473684, "tn": 0.38596491228070173, "fp": 0.07017543859649122, "fn": 0.43859649122807015, "accuracy": 0.49122807017543857, "precision": 0.6, "recall": 0.19354838709677422, "similarity": 0.5087719298245614}, "9": {"tp": 0.058823529411764705, "tn": 0.5147058823529411, "fp": 0.07352941176470588, "fn": 0.35294117647058826, "accuracy": 0.5735294117647058, "precision": 0.4444444444444444, "recall": 0.14285714285714285, "similarity": 0.4264705882352941}, "10": {"tp": 0.07142857142857142, "tn": 0.625, "fp": 0.0, "fn": 0.30357142857142855, "accuracy": 0.6964285714285714, "precision": 1.0, "recall": 0.19047619047619047, "similarity": 0.30357142857142855}, "11": {"tp": 0.018518518518518517, "tn": 0.5, "fp": 0.1111111111111111, "fn": 0.37037037037037035, "accuracy": 0.5185185185185186, "precision": 0.14285714285714285, "recall": 0.04761904761904762, "similarity": 0.48148148148148145}, "12": {"tp": 0.011904761904761904, "tn": 0.4880952380952381, "fp": 0.19047619047619047, "fn": 0.30952380952380953, "accuracy": 0.5, "precision": 0.058823529411764705, "recall": 0.037037037037037035, "similarity": 0.5}, "13": {"tp": 0.0, "tn": 0.6153846153846154, "fp": 0.0, "fn": 0.38461538461538464, "accuracy": 0.6153846153846154, "precision": 0, "recall": 0.0, "similarity": 0.38461538461538464}, "14": {"tp": 0.01282051282051282, "tn": 0.6025641025641025, "fp": 0.07692307692307693, "fn": 0.3076923076923077, "accuracy": 0.6153846153846153, "precision": 0.14285714285714285, "recall": 0.039999999999999994, "similarity": 0.38461538461538464}, "15": {"tp": 0.12345679012345678, "tn": 0.4691358024691358, "fp": 0.1728395061728395, "fn": 0.2345679012345679, "accuracy": 0.5925925925925926, "precision": 0.4166666666666667, "recall": 0.3448275862068966, "similarity": 0.4074074074074074}, "16": {"tp": 0.013513513513513514, "tn": 0.6216216216216216, "fp": 0.02702702702702703, "fn": 0.33783783783783783, "accuracy": 0.6351351351351352, "precision": 0.3333333333333333, "recall": 0.03846153846153847, "similarity": 0.36486486486486486}, "17": {"tp": 0.17857142857142858, "tn": 0.39285714285714285, "fp": 0.2261904761904762, "fn": 0.20238095238095238, "accuracy": 0.5714285714285714, "precision": 0.4411764705882353, "recall": 0.46875000000000006, "similarity": 0.42857142857142855}, "18": {"tp": 0.22608695652173913, "tn": 0.3826086956521739, "fp": 0.2, "fn": 0.19130434782608696, "accuracy": 0.6086956521739131, "precision": 0.5306122448979592, "recall": 0.5416666666666666, "similarity": 0.391304347826087}, "19": {"tp": 0.15789473684210525, "tn": 0.42105263157894735, "fp": 0.23684210526315788, "fn": 0.18421052631578946, "accuracy": 0.5789473684210527, "precision": 0.39999999999999997, "recall": 0.46153846153846156, "similarity": 0.42105263157894735}, "20": {"tp": 0.1590909090909091, "tn": 0.3712121212121212, "fp": 0.25, "fn": 0.2196969696969697, "accuracy": 0.5303030303030303, "precision": 0.3888888888888889, "recall": 0.42, "similarity": 0.4696969696969697}, "21": {"tp": 0.07936507936507936, "tn": 0.5, "fp": 0.1111111111111111, "fn": 0.30952380952380953, "accuracy": 0.5793650793650793, "precision": 0.4166666666666667, "recall": 0.2040816326530612, "similarity": 0.42063492063492064}, "22": {"tp": 0.05102040816326531, "tn": 0.5612244897959183, "fp": 0.17346938775510204, "fn": 0.21428571428571427, "accuracy": 0.6122448979591837, "precision": 0.22727272727272727, "recall": 0.19230769230769235, "similarity": 0.3877551020408163}, "23": {"tp": 0.16049382716049382, "tn": 0.43209876543209874, "fp": 0.14814814814814814, "fn": 0.25925925925925924, "accuracy": 0.5925925925925926, "precision": 0.52, "recall": 0.38235294117647056, "similarity": 0.4074074074074074}, "24": {"tp": 0.1836734693877551, "tn": 0.24489795918367346, "fp": 0.40816326530612246, "fn": 0.16326530612244897, "accuracy": 0.4285714285714286, "precision": 0.3103448275862069, "recall": 0.5294117647058824, "similarity": 0.5714285714285714}, "25": {"tp": 0.27586206896551724, "tn": 0.29310344827586204, "fp": 0.2413793103448276, "fn": 0.1896551724137931, "accuracy": 0.5689655172413792, "precision": 0.5333333333333333, "recall": 0.5925925925925926, "similarity": 0.43103448275862066}, "26": {"tp": 0.02857142857142857, "tn": 0.6428571428571429, "fp": 0.04285714285714286, "fn": 0.2857142857142857, "accuracy": 0.6714285714285715, "precision": 0.4, "recall": 0.09090909090909091, "similarity": 0.32857142857142857}, "27": {"tp": 0.13194444444444445, "tn": 0.4444444444444444, "fp": 0.1875, "fn": 0.2361111111111111, "accuracy": 0.5763888888888888, "precision": 0.4130434782608696, "recall": 0.3584905660377358, "similarity": 0.4236111111111111}, "28": {"tp": 0.0, "tn": 0.5, "fp": 0.1, "fn": 0.4, "accuracy": 0.5, "precision": 0.0, "recall": 0.0, "similarity": 0.5}, "29": {"tp": 0.18181818181818182, "tn": 0.3246753246753247, "fp": 0.11688311688311688, "fn": 0.37662337662337664, "accuracy": 0.5064935064935066, "precision": 0.6086956521739131, "recall": 0.3255813953488372, "similarity": 0.4935064935064935}, "30": {"tp": 0.05405405405405406, "tn": 0.5135135135135135, "fp": 0.10810810810810811, "fn": 0.32432432432432434, "accuracy": 0.5675675675675675, "precision": 0.3333333333333333, "recall": 0.14285714285714285, "similarity": 0.43243243243243246}, "31": {"tp": 0.17894736842105263, "tn": 0.4105263157894737, "fp": 0.2, "fn": 0.21052631578947367, "accuracy": 0.5894736842105264, "precision": 0.4722222222222222, "recall": 0.4594594594594595, "similarity": 0.4105263157894737}, "32": {"tp": 0.1111111111111111, "tn": 0.5353535353535354, "fp": 0.12121212121212122, "fn": 0.23232323232323232, "accuracy": 0.6464646464646464, "precision": 0.47826086956521735, "recall": 0.3235294117647059, "similarity": 0.35353535353535354}, "33": {"tp": 0.03636363636363636, "tn": 0.5636363636363636, "fp": 0.03636363636363636, "fn": 0.36363636363636365, "accuracy": 0.6, "precision": 0.5, "recall": 0.0909090909090909, "similarity": 0.4}, "34": {"tp": 0.34782608695652173, "tn": 0.021739130434782608, "fp": 0.5869565217391305, "fn": 0.043478260869565216, "accuracy": 0.3695652173913043, "precision": 0.37209302325581395, "recall": 0.888888888888889,