{"0": {"tp": 0.17391304347826086, "tn": 0.37681159420289856, "fp": 0.30434782608695654, "fn": 0.14492753623188406, "accuracy": 0.5507246376811594, "precision": 0.3636363636363636, "recall": 0.5454545454545455, "similarity": 0.4492753623188406}, "1": {"tp": 0.05128205128205128, "tn": 0.46153846153846156, "fp": 0.10256410256410256, "fn": 0.38461538461538464, "accuracy": 0.5128205128205129, "precision": 0.3333333333333333, "recall": 0.11764705882352941, "similarity": 0.48717948717948717}, "2": {"tp": 0.29714285714285715, "tn": 0.17142857142857143, "fp": 0.44571428571428573, "fn": 0.08571428571428572, "accuracy": 0.4685714285714286, "precision": 0.4, "recall": 0.7761194029850745, "similarity": 0.5314285714285715}, "3": {"tp": 0.11827956989247312, "tn": 0.46236559139784944, "fp": 0.11827956989247312, "fn": 0.3010752688172043, "accuracy": 0.5806451612903225, "precision": 0.5, "recall": 0.28205128205128205, "similarity": 0.41935483870967744}, "4": {"tp": 0.18421052631578946, "tn": 0.21052631578947367, "fp": 0.34210526315789475, "fn": 0.2631578947368421, "accuracy": 0.39473684210526316, "precision": 0.35, "recall": 0.411764705882353, "similarity": 0.6052631578947368}, "5": {"tp": 0.2972972972972973, "tn": 0.1891891891891892, "fp": 0.24324324324324326, "fn": 0.2702702702702703, "accuracy": 0.4864864864864865, "precision": 0.55, "recall": 0.5238095238095238, "similarity": 0.5135135135135135}, "6": {"tp": 0.1346153846153846, "tn": 0.5576923076923077, "fp": 0.10576923076923077, "fn": 0.20192307692307693, "accuracy": 0.6923076923076923, "precision": 0.56, "recall": 0.39999999999999997, "similarity": 0.3076923076923077}, "7": {"tp": 0.13333333333333333, "tn": 0.34444444444444444, "fp": 0.34444444444444444, "fn": 0.17777777777777778, "accuracy": 0.47777777777777775, "precision": 0.27906976744186046, "recall": 0.42857142857142855, "similarity": 0.5222222222222223}, "8": {"tp": 0.13157894736842105, "tn": 0.3157894736842105, "fp": 0.21052631578947367, "fn": 0.34210526315789475, "accuracy": 0.4473684210526315, "precision": 0.38461538461538464, "recall": 0.27777777777777773, "similarity": 0.5526315789473685}, "9": {"tp": 0.15748031496062992, "tn": 0.33070866141732286, "fp": 0.3228346456692913, "fn": 0.1889763779527559, "accuracy": 0.4881889763779528, "precision": 0.3278688524590164, "recall": 0.45454545454545453, "similarity": 0.5118110236220472}, "10": {"tp": 0.03773584905660377, "tn": 0.4716981132075472, "fp": 0.018867924528301886, "fn": 0.4716981132075472, "accuracy": 0.5094339622641509, "precision": 0.6666666666666666, "recall": 0.07407407407407407, "similarity": 0.49056603773584906}, "11": {"tp": 0.2717391304347826, "tn": 0.2391304347826087, "fp": 0.29347826086956524, "fn": 0.1956521739130435, "accuracy": 0.5108695652173914, "precision": 0.48076923076923067, "recall": 0.5813953488372093, "similarity": 0.4891304347826087}, "12": {"tp": 0.22826086956521738, "tn": 0.2608695652173913, "fp": 0.2826086956521739, "fn": 0.22826086956521738, "accuracy": 0.4891304347826087, "precision": 0.4468085106382979, "recall": 0.5, "similarity": 0.5108695652173914}, "13": {"tp": 0.18181818181818182, "tn": 0.371900826446281, "fp": 0.3305785123966942, "fn": 0.11570247933884298, "accuracy": 0.5537190082644627, "precision": 0.3548387096774193, "recall": 0.6111111111111112, "similarity": 0.4462809917355372}, "14": {"tp": 0.0703125, "tn": 0.5078125, "fp": 0.1328125, "fn": 0.2890625, "accuracy": 0.578125, "precision": 0.34615384615384615, "recall": 0.1956521739130435, "similarity": 0.421875}, "15": {"tp": 0.21052631578947367, "tn": 0.3263157894736842, "fp": 0.3473684210526316, "fn": 0.11578947368421053, "accuracy": 0.5368421052631579, "precision": 0.37735849056603776, "recall": 0.6451612903225806, "similarity": 0.4631578947368421}, "16": {"tp": 0.06818181818181818, "tn": 0.3409090909090909, "fp": 0.4318181818181818, "fn": 0.1590909090909091, "accuracy": 0.4090909090909091, "precision": 0.13636363636363635, "recall": 0.3, "similarity": 0.5909090909090909}, "17": {"tp": 0.1206896551724138, "tn": 0.3706896551724138, "fp": 0.1896551724137931, "fn": 0.31896551724137934, "accuracy": 0.4913793103448276, "precision": 0.3888888888888889, "recall": 0.2745098039215686, "similarity": 0.5086206896551724}, "18": {"tp": 0.03571428571428571, "tn": 0.42857142857142855, "fp": 0.30357142857142855, "fn": 0.23214285714285715, "accuracy": 0.46428571428571425, "precision": 0.10526315789473685, "recall": 0.13333333333333333, "similarity": 0.5357142857142857}, "19": {"tp": 0.11940298507462686, "tn": 0.29850746268656714, "fp": 0.22388059701492538, "fn": 0.3582089552238806, "accuracy": 0.417910447761194, "precision": 0.34782608695652173, "recall": 0.25, "similarity": 0.582089552238806}, "20": {"tp": 0.14285714285714285, "tn": 0.2857142857142857, "fp": 0.30612244897959184, "fn": 0.2653061224489796, "accuracy": 0.42857142857142855, "precision": 0.3181818181818182, "recall": 0.35, "similarity": 0.5714285714285714}, "21": {"tp": 0.2222222222222222, "tn": 0.26666666666666666, "fp": 0.34444444444444444, "fn": 0.16666666666666666, "accuracy": 0.48888888888888893, "precision": 0.39215686274509803, "recall": 0.5714285714285715, "similarity": 0.5111111111111111}, "22": {"tp": 0.15384615384615385, "tn": 0.3333333333333333, "fp": 0.38461538461538464, "fn": 0.1282051282051282, "accuracy": 0.48717948717948717, "precision": 0.2857142857142857, "recall": 0.5454545454545455, "similarity": 0.5128205128205128}, "23": {"tp": 0.12903225806451613, "tn": 0.43548387096774194, "fp": 0.1935483870967742, "fn": 0.24193548387096775, "accuracy": 0.564516129032258, "precision": 0.4, "recall": 0.34782608695652173, "similarity": 0.43548387096774194}, "24": {"tp": 0.14754098360655737, "tn": 0.36065573770491804, "fp": 0.18032786885245902, "fn": 0.3114754098360656, "accuracy": 0.5081967213114754, "precision": 0.44999999999999996, "recall": 0.3214285714285714, "similarity": 0.4918032786885246}, "25": {"tp": 0.211864406779661, "tn": 0.3559322033898305, "fp": 0.2542372881355932, "fn": 0.17796610169491525, "accuracy": 0.5677966101694916, "precision": 0.45454545454545453, "recall": 0.5434782608695653, "similarity": 0.4322033898305085}, "26": {"tp": 0.12380952380952381, "tn": 0.38095238095238093, "fp": 0.19047619047619047, "fn": 0.3047619047619048, "accuracy": 0.5047619047619047, "precision": 0.393939393939394, "recall": 0.28888888888888886, "similarity": 0.49523809523809526}, "27": {"tp": 0.14473684210526316, "tn": 0.34210526315789475, "fp": 0.3815789473684211, "fn": 0.13157894736842105, "accuracy": 0.4868421052631579, "precision": 0.27499999999999997, "recall": 0.5238095238095238, "similarity": 0.5131578947368421}, "28": {"tp": 0.125, "tn": 0.4583333333333333, "fp": 0.19791666666666666, "fn": 0.21875, "accuracy": 0.5833333333333334, "precision": 0.38709677419354843, "recall": 0.36363636363636365, "similarity": 0.4166666666666667}, "29": {"tp": 0.1746031746031746, "tn": 0.35714285714285715, "fp": 0.2619047619047619, "fn": 0.20634920634920634, "accuracy": 0.5317460317460317, "precision": 0.39999999999999997, "recall": 0.4583333333333333, "similarity": 0.46825396825396826}, "30": {"tp": 0.2, "tn": 0.475, "fp": 0.175, "fn": 0.15, "accuracy": 0.675, "precision": 0.5333333333333333, "recall": 0.5714285714285715, "similarity": 0.325}, "31": {"tp": 0.14285714285714285, "tn": 0.25, "fp": 0.48214285714285715, "fn": 0.125, "accuracy": 0.39285714285714285, "precision": 0.22857142857142856, "recall": 0.5333333333333333, "similarity": 0.6071428571428571}, "32": {"tp": 0.031496062992125984, "tn": 0.5433070866141733, "fp": 0.09448818897637795, "fn": 0.33070866141732286, "accuracy": 0.5748031496062992, "precision": 0.25, "recall": 0.08695652173913043, "similarity": 0.4251968503937008}, "33": {"tp": 0.13559322033898305, "tn": 0.5254237288135594, "fp": 0.15254237288135594, "fn": 0.1864406779661017, "accuracy": 0.6610169491525424, "precision": 0.47058823529411764, "recall": 0.42105263157894735, "similarity": 0.3389830508474576}, "34": {"tp": 0.24705882352941178,