{"0": {"tp": 0.19480519480519481, "tn": 0.4025974025974026, "fp": 0.2597402597402597, "fn": 0.14285714285714285, "accuracy": 0.5974025974025974, "precision": 0.4285714285714286, "recall": 0.576923076923077, "similarity": 0.4025974025974026}, "1": {"tp": 0.28846153846153844, "tn": 0.17307692307692307, "fp": 0.4326923076923077, "fn": 0.10576923076923077, "accuracy": 0.46153846153846156, "precision": 0.39999999999999997, "recall": 0.7317073170731707, "similarity": 0.5384615384615384}, "2": {"tp": 0.11278195488721804, "tn": 0.42105263157894735, "fp": 0.2631578947368421, "fn": 0.20300751879699247, "accuracy": 0.5338345864661654, "precision": 0.3, "recall": 0.35714285714285715, "similarity": 0.46616541353383456}, "3": {"tp": 0.1388888888888889, "tn": 0.5, "fp": 0.1111111111111111, "fn": 0.25, "accuracy": 0.6388888888888888, "precision": 0.5555555555555556, "recall": 0.35714285714285715, "similarity": 0.3611111111111111}, "4": {"tp": 0.1292517006802721, "tn": 0.3673469387755102, "fp": 0.23129251700680273, "fn": 0.272108843537415, "accuracy": 0.4965986394557823, "precision": 0.3584905660377358, "recall": 0.3220338983050848, "similarity": 0.5034013605442177}, "5": {"tp": 0.13333333333333333, "tn": 0.28888888888888886, "fp": 0.35555555555555557, "fn": 0.2222222222222222, "accuracy": 0.4222222222222222, "precision": 0.2727272727272727, "recall": 0.37500000000000006, "similarity": 0.5777777777777777}, "6": {"tp": 0.18478260869565216, "tn": 0.391304347826087, "fp": 0.2391304347826087, "fn": 0.18478260869565216, "accuracy": 0.5760869565217391, "precision": 0.43589743589743585, "recall": 0.5, "similarity": 0.42391304347826086}, "7": {"tp": 0.18831168831168832, "tn": 0.34415584415584416, "fp": 0.33116883116883117, "fn": 0.13636363636363635, "accuracy": 0.5324675324675325, "precision": 0.36250000000000004, "recall": 0.5800000000000001, "similarity": 0.4675324675324675}, "8": {"tp": 0.05263157894736842, "tn": 0.43859649122807015, "fp": 0.017543859649122806, "fn": 0.49122807017543857, "accuracy": 0.49122807017543857, "precision": 0.75, "recall": 0.09677419354838711, "similarity": 0.5087719298245614}, "9": {"tp": 0.04411764705882353, "tn": 0.5, "fp": 0.08823529411764706, "fn": 0.36764705882352944, "accuracy": 0.5441176470588235, "precision": 0.33333333333333337, "recall": 0.10714285714285714, "similarity": 0.45588235294117646}, "10": {"tp": 0.21428571428571427, "tn": 0.23214285714285715, "fp": 0.39285714285714285, "fn": 0.16071428571428573, "accuracy": 0.44642857142857145, "precision": 0.35294117647058826, "recall": 0.5714285714285714, "similarity": 0.5535714285714286}, "11": {"tp": 0.18518518518518517, "tn": 0.46296296296296297, "fp": 0.14814814814814814, "fn": 0.2037037037037037, "accuracy": 0.6481481481481481, "precision": 0.5555555555555556, "recall": 0.4761904761904762, "similarity": 0.35185185185185186}, "12": {"tp": 0.047619047619047616, "tn": 0.5119047619047619, "fp": 0.16666666666666666, "fn": 0.27380952380952384, "accuracy": 0.5595238095238095, "precision": 0.2222222222222222, "recall": 0.14814814814814814, "similarity": 0.44047619047619047}, "13": {"tp": 0.05128205128205128, "tn": 0.5384615384615384, "fp": 0.07692307692307693, "fn": 0.3333333333333333, "accuracy": 0.5897435897435898, "precision": 0.4, "recall": 0.13333333333333333, "similarity": 0.41025641025641024}, "14": {"tp": 0.05128205128205128, "tn": 0.46153846153846156, "fp": 0.21794871794871795, "fn": 0.2692307692307692, "accuracy": 0.5128205128205129, "precision": 0.19047619047619047, "recall": 0.16, "similarity": 0.48717948717948717}, "15": {"tp": 0.13580246913580246, "tn": 0.41975308641975306, "fp": 0.2222222222222222, "fn": 0.2222222222222222, "accuracy": 0.5555555555555556, "precision": 0.3793103448275862, "recall": 0.3793103448275862, "similarity": 0.4444444444444444}, "16": {"tp": 0.20270270270270271, "tn": 0.2702702702702703, "fp": 0.3783783783783784, "fn": 0.14864864864864866, "accuracy": 0.472972972972973, "precision": 0.3488372093023256, "recall": 0.5769230769230769, "similarity": 0.527027027027027}, "17": {"tp": 0.32142857142857145, "tn": 0.2857142857142857, "fp": 0.3333333333333333, "fn": 0.05952380952380952, "accuracy": 0.6071428571428572, "precision": 0.49090909090909096, "recall": 0.84375, "similarity": 0.39285714285714285}, "18": {"tp": 0.21739130434782608, "tn": 0.41739130434782606, "fp": 0.16521739130434782, "fn": 0.2, "accuracy": 0.6347826086956522, "precision": 0.5681818181818181, "recall": 0.5208333333333333, "similarity": 0.3652173913043478}, "19": {"tp": 0.10526315789473684, "tn": 0.42105263157894735, "fp": 0.23684210526315788, "fn": 0.23684210526315788, "accuracy": 0.5263157894736843, "precision": 0.3076923076923077, "recall": 0.3076923076923077, "similarity": 0.47368421052631576}, "20": {"tp": 0.20454545454545456, "tn": 0.32575757575757575, "fp": 0.29545454545454547, "fn": 0.17424242424242425, "accuracy": 0.5303030303030303, "precision": 0.4090909090909091, "recall": 0.54, "similarity": 0.4696969696969697}, "21": {"tp": 0.15079365079365079, "tn": 0.29365079365079366, "fp": 0.31746031746031744, "fn": 0.23809523809523808, "accuracy": 0.4444444444444444, "precision": 0.3220338983050847, "recall": 0.38775510204081637, "similarity": 0.5555555555555556}, "22": {"tp": 0.09183673469387756, "tn": 0.5102040816326531, "fp": 0.22448979591836735, "fn": 0.17346938775510204, "accuracy": 0.6020408163265306, "precision": 0.2903225806451613, "recall": 0.34615384615384615, "similarity": 0.3979591836734694}, "23": {"tp": 0.24691358024691357, "tn": 0.2222222222222222, "fp": 0.35802469135802467, "fn": 0.1728395061728395, "accuracy": 0.46913580246913583, "precision": 0.4081632653061224, "recall": 0.5882352941176471, "similarity": 0.5308641975308642}, "24": {"tp": 0.2857142857142857, "tn": 0.10204081632653061, "fp": 0.5510204081632653, "fn": 0.061224489795918366, "accuracy": 0.38775510204081637, "precision": 0.34146341463414637, "recall": 0.8235294117647058, "similarity": 0.6122448979591837}, "25": {"tp": 0.29310344827586204, "tn": 0.2413793103448276, "fp": 0.29310344827586204, "fn": 0.1724137931034483, "accuracy": 0.5344827586206897, "precision": 0.5, "recall": 0.6296296296296295, "similarity": 0.46551724137931033}, "26": {"tp": 0.05714285714285714, "tn": 0.4714285714285714, "fp": 0.21428571428571427, "fn": 0.2571428571428571, "accuracy": 0.5285714285714286, "precision": 0.2105263157894737, "recall": 0.18181818181818182, "similarity": 0.4714285714285714}, "27": {"tp": 0.19444444444444445, "tn": 0.3402777777777778, "fp": 0.2916666666666667, "fn": 0.1736111111111111, "accuracy": 0.5347222222222222, "precision": 0.39999999999999997, "recall": 0.5283018867924528, "similarity": 0.4652777777777778}, "28": {"tp": 0.0, "tn": 0.2, "fp": 0.4, "fn": 0.4, "accuracy": 0.2, "precision": 0.0, "recall": 0.0, "similarity": 0.8}, "29": {"tp": 0.18181818181818182, "tn": 0.3246753246753247, "fp": 0.11688311688311688, "fn": 0.37662337662337664, "accuracy": 0.5064935064935066, "precision": 0.6086956521739131, "recall": 0.3255813953488372, "similarity": 0.4935064935064935}, "30": {"tp": 0.0, "tn": 0.5675675675675675, "fp": 0.05405405405405406, "fn": 0.3783783783783784, "accuracy": 0.5675675675675675, "precision": 0.0, "recall": 0.0, "similarity": 0.43243243243243246}, "31": {"tp": 0.23157894736842105, "tn": 0.3157894736842105, "fp": 0.29473684210526313, "fn": 0.15789473684210525, "accuracy": 0.5473684210526315, "precision": 0.44, "recall": 0.5945945945945946, "similarity": 0.45263157894736844}, "32": {"tp": 0.12121212121212122, "tn": 0.5656565656565656, "fp": 0.09090909090909091, "fn": 0.2222222222222222, "accuracy": 0.6868686868686869, "precision": 0.5714285714285714, "recall": 0.35294117647058826, "similarity": 0.31313131313131315}, "33": {"tp": 0.03636363636363636, "tn": 0.5636363636363636, "fp": 0.03636363636363636, "fn": 0.36363636363636365, "accuracy": 0.6, "precision": 0.5, "recall": 0.0909090909090909, "similarity": 0.4}, "34": {"tp": 0.34782608695652173, "tn": 0.043478260869565216, "fp": 0.5652173913043478,