{"0": {"tp": 0.02857142857142857, "tn": 0.7142857142857143, "fp": 0.0761904761904762, "fn": 0.18095238095238095, "accuracy": 0.7428571428571429, "precision": 0.2727272727272727, "recall": 0.13636363636363635, "similarity": 0.2571428571428571}, "1": {"tp": 0.1, "tn": 0.39166666666666666, "fp": 0.4083333333333333, "fn": 0.1, "accuracy": 0.4916666666666667, "precision": 0.19672131147540986, "recall": 0.5, "similarity": 0.5083333333333333}, "2": {"tp": 0.058823529411764705, "tn": 0.6352941176470588, "fp": 0.20588235294117646, "fn": 0.1, "accuracy": 0.6941176470588236, "precision": 0.2222222222222222, "recall": 0.3703703703703704, "similarity": 0.3058823529411765}, "3": {"tp": 0.0, "tn": 0.7575757575757576, "fp": 0.06060606060606061, "fn": 0.18181818181818182, "accuracy": 0.7575757575757576, "precision": 0.0, "recall": 0.0, "similarity": 0.24242424242424243}, "4": {"tp": 0.06285714285714286, "tn": 0.5485714285714286, "fp": 0.24, "fn": 0.14857142857142858, "accuracy": 0.6114285714285714, "precision": 0.2075471698113208, "recall": 0.2972972972972973, "similarity": 0.38857142857142857}, "5": {"tp": 0.06756756756756757, "tn": 0.40540540540540543, "fp": 0.44594594594594594, "fn": 0.08108108108108109, "accuracy": 0.472972972972973, "precision": 0.13157894736842107, "recall": 0.45454545454545453, "similarity": 0.527027027027027}, "6": {"tp": 0.088, "tn": 0.448, "fp": 0.328, "fn": 0.136, "accuracy": 0.536, "precision": 0.2115384615384615, "recall": 0.39285714285714285, "similarity": 0.464}, "7": {"tp": 0.09900990099009901, "tn": 0.3712871287128713, "fp": 0.4504950495049505, "fn": 0.07920792079207921, "accuracy": 0.4702970297029703, "precision": 0.18018018018018017, "recall": 0.5555555555555556, "similarity": 0.5297029702970297}, "8": {"tp": 0.017699115044247787, "tn": 0.6548672566371682, "fp": 0.13274336283185842, "fn": 0.19469026548672566, "accuracy": 0.672566371681416, "precision": 0.1176470588235294, "recall": 0.08333333333333333, "similarity": 0.3274336283185841}, "9": {"tp": 0.017241379310344827, "tn": 0.7068965517241379, "fp": 0.10344827586206896, "fn": 0.1724137931034483, "accuracy": 0.7241379310344828, "precision": 0.14285714285714288, "recall": 0.0909090909090909, "similarity": 0.27586206896551724}, "10": {"tp": 0.07042253521126761, "tn": 0.5915492957746479, "fp": 0.19718309859154928, "fn": 0.14084507042253522, "accuracy": 0.6619718309859155, "precision": 0.26315789473684215, "recall": 0.33333333333333337, "similarity": 0.3380281690140845}, "11": {"tp": 0.058823529411764705, "tn": 0.6235294117647059, "fp": 0.18823529411764706, "fn": 0.12941176470588237, "accuracy": 0.6823529411764706, "precision": 0.23809523809523808, "recall": 0.3125, "similarity": 0.3176470588235294}, "12": {"tp": 0.04081632653061224, "tn": 0.7414965986394558, "fp": 0.11564625850340136, "fn": 0.10204081632653061, "accuracy": 0.7823129251700681, "precision": 0.2608695652173913, "recall": 0.2857142857142857, "similarity": 0.21768707482993196}, "13": {"tp": 0.04938271604938271, "tn": 0.5061728395061729, "fp": 0.2716049382716049, "fn": 0.1728395061728395, "accuracy": 0.5555555555555556, "precision": 0.15384615384615385, "recall": 0.2222222222222222, "similarity": 0.4444444444444444}, "14": {"tp": 0.045454545454545456, "tn": 0.5681818181818182, "fp": 0.30303030303030304, "fn": 0.08333333333333333, "accuracy": 0.6136363636363636, "precision": 0.13043478260869565, "recall": 0.35294117647058826, "similarity": 0.38636363636363635}, "15": {"tp": 0.05555555555555555, "tn": 0.6428571428571429, "fp": 0.18253968253968253, "fn": 0.11904761904761904, "accuracy": 0.6984126984126985, "precision": 0.23333333333333334, "recall": 0.3181818181818182, "similarity": 0.30158730158730157}, "16": {"tp": 0.027777777777777776, "tn": 0.5925925925925926, "fp": 0.23148148148148148, "fn": 0.14814814814814814, "accuracy": 0.6203703703703703, "precision": 0.10714285714285714, "recall": 0.15789473684210525, "similarity": 0.37962962962962965}, "17": {"tp": 0.047619047619047616, "tn": 0.7142857142857143, "fp": 0.05714285714285714, "fn": 0.18095238095238095, "accuracy": 0.7619047619047619, "precision": 0.4545454545454546, "recall": 0.20833333333333331, "similarity": 0.23809523809523808}, "18": {"tp": 0.017241379310344827, "tn": 0.6494252873563219, "fp": 0.13218390804597702, "fn": 0.20114942528735633, "accuracy": 0.6666666666666667, "precision": 0.11538461538461538, "recall": 0.07894736842105263, "similarity": 0.3333333333333333}, "19": {"tp": 0.047619047619047616, "tn": 0.5714285714285714, "fp": 0.23809523809523808, "fn": 0.14285714285714285, "accuracy": 0.6190476190476191, "precision": 0.16666666666666666, "recall": 0.25, "similarity": 0.38095238095238093}, "20": {"tp": 0.059782608695652176, "tn": 0.45652173913043476, "fp": 0.34782608695652173, "fn": 0.1358695652173913, "accuracy": 0.5163043478260869, "precision": 0.14666666666666667, "recall": 0.3055555555555556, "similarity": 0.483695652173913}, "21": {"tp": 0.0330188679245283, "tn": 0.660377358490566, "fp": 0.1320754716981132, "fn": 0.17452830188679244, "accuracy": 0.6933962264150944, "precision": 0.2, "recall": 0.15909090909090912, "similarity": 0.30660377358490565}, "22": {"tp": 0.0410958904109589, "tn": 0.636986301369863, "fp": 0.2191780821917808, "fn": 0.10273972602739725, "accuracy": 0.678082191780822, "precision": 0.15789473684210525, "recall": 0.2857142857142857, "similarity": 0.3219178082191781}, "23": {"tp": 0.0, "tn": 0.7545454545454545, "fp": 0.045454545454545456, "fn": 0.2, "accuracy": 0.7545454545454545, "precision": 0.0, "recall": 0.0, "similarity": 0.24545454545454545}, "24": {"tp": 0.034482758620689655, "tn": 0.7413793103448276, "fp": 0.06896551724137931, "fn": 0.15517241379310345, "accuracy": 0.7758620689655172, "precision": 0.3333333333333333, "recall": 0.18181818181818182, "similarity": 0.22413793103448276}, "25": {"tp": 0.10666666666666667, "tn": 0.49333333333333335, "fp": 0.28, "fn": 0.12, "accuracy": 0.6, "precision": 0.27586206896551724, "recall": 0.47058823529411764, "similarity": 0.4}, "26": {"tp": 0.02727272727272727, "tn": 0.6727272727272727, "fp": 0.16363636363636364, "fn": 0.13636363636363635, "accuracy": 0.7000000000000001, "precision": 0.14285714285714285, "recall": 0.16666666666666666, "similarity": 0.3}, "27": {"tp": 0.0891089108910891, "tn": 0.5396039603960396, "fp": 0.28217821782178215, "fn": 0.0891089108910891, "accuracy": 0.6287128712871288, "precision": 0.24, "recall": 0.5, "similarity": 0.3712871287128713}, "28": {"tp": 0.0, "tn": 0.5714285714285714, "fp": 0.23809523809523808, "fn": 0.19047619047619047, "accuracy": 0.5714285714285714, "precision": 0.0, "recall": 0.0, "similarity": 0.42857142857142855}, "29": {"tp": 0.028985507246376812, "tn": 0.644927536231884, "fp": 0.07971014492753623, "fn": 0.2463768115942029, "accuracy": 0.6739130434782609, "precision": 0.26666666666666666, "recall": 0.10526315789473684, "similarity": 0.32608695652173914}, "30": {"tp": 0.029411764705882353, "tn": 0.6029411764705882, "fp": 0.25, "fn": 0.11764705882352941, "accuracy": 0.6323529411764706, "precision": 0.10526315789473684, "recall": 0.19999999999999998, "similarity": 0.36764705882352944}, "31": {"tp": 0.05426356589147287, "tn": 0.5581395348837209, "fp": 0.24031007751937986, "fn": 0.14728682170542637, "accuracy": 0.6124031007751938, "precision": 0.18421052631578946, "recall": 0.2692307692307692, "similarity": 0.3875968992248062}, "32": {"tp": 0.05194805194805195, "tn": 0.6818181818181818, "fp": 0.13636363636363635, "fn": 0.12987012987012986, "accuracy": 0.7337662337662337, "precision": 0.27586206896551724, "recall": 0.2857142857142857, "similarity": 0.2662337662337662}, "33": {"tp": 0.03125, "tn": 0.7421875, "fp": 0.0546875, "fn": 0.171875, "accuracy": 0.7734375, "precision": 0.36363636363636365, "recall": 0.15384615384615385, "similarity": 0.2265625}, "34": {"tp": 0.0, "tn": 0.7872340425531915, "fp": 0.0, "fn": 0.2127659574468085, "accuracy": 0.7872340425531915, "precision": 0, "recall": 0.0, "similarity": 0.2127659574468085},