{"0": {"tp": 0.00980392156862745, "tn": 0.8235294117647058, "fp": 0.00980392156862745, "fn": 0.1568627450980392, "accuracy": 0.8333333333333334, "precision": 0.5, "recall": 0.058823529411764705, "similarity": 0.16666666666666666}, "1": {"tp": 0.05128205128205128, "tn": 0.6282051282051282, "fp": 0.16666666666666666, "fn": 0.15384615384615385, "accuracy": 0.6794871794871795, "precision": 0.23529411764705882, "recall": 0.25, "similarity": 0.32051282051282054}, "2": {"tp": 0.02564102564102564, "tn": 0.7282051282051282, "fp": 0.07179487179487179, "fn": 0.17435897435897435, "accuracy": 0.7538461538461538, "precision": 0.26315789473684215, "recall": 0.12820512820512822, "similarity": 0.24615384615384617}, "3": {"tp": 0.046052631578947366, "tn": 0.6118421052631579, "fp": 0.17763157894736842, "fn": 0.16447368421052633, "accuracy": 0.6578947368421052, "precision": 0.20588235294117646, "recall": 0.21874999999999997, "similarity": 0.34210526315789475}, "4": {"tp": 0.056338028169014086, "tn": 0.676056338028169, "fp": 0.15492957746478872, "fn": 0.11267605633802817, "accuracy": 0.7323943661971831, "precision": 0.26666666666666666, "recall": 0.33333333333333337, "similarity": 0.2676056338028169}, "5": {"tp": 0.1206896551724138, "tn": 0.5172413793103449, "fp": 0.2413793103448276, "fn": 0.1206896551724138, "accuracy": 0.6379310344827587, "precision": 0.33333333333333337, "recall": 0.5, "similarity": 0.3620689655172414}, "6": {"tp": 0.0880503144654088, "tn": 0.4591194968553459, "fp": 0.37735849056603776, "fn": 0.07547169811320754, "accuracy": 0.5471698113207547, "precision": 0.18918918918918917, "recall": 0.5384615384615384, "similarity": 0.4528301886792453}, "7": {"tp": 0.06060606060606061, "tn": 0.44696969696969696, "fp": 0.4166666666666667, "fn": 0.07575757575757576, "accuracy": 0.5075757575757576, "precision": 0.12698412698412698, "recall": 0.4444444444444445, "similarity": 0.49242424242424243}, "8": {"tp": 0.0684931506849315, "tn": 0.6575342465753424, "fp": 0.136986301369863, "fn": 0.136986301369863, "accuracy": 0.726027397260274, "precision": 0.3333333333333333, "recall": 0.3333333333333333, "similarity": 0.273972602739726}, "9": {"tp": 0.10526315789473684, "tn": 0.375, "fp": 0.4473684210526316, "fn": 0.07236842105263158, "accuracy": 0.48026315789473684, "precision": 0.1904761904761905, "recall": 0.5925925925925926, "similarity": 0.5197368421052632}, "10": {"tp": 0.014285714285714285, "tn": 0.7142857142857143, "fp": 0.02857142857142857, "fn": 0.24285714285714285, "accuracy": 0.7285714285714285, "precision": 0.3333333333333333, "recall": 0.05555555555555556, "similarity": 0.2714285714285714}, "11": {"tp": 0.023809523809523808, "tn": 0.6984126984126984, "fp": 0.05555555555555555, "fn": 0.2222222222222222, "accuracy": 0.7222222222222222, "precision": 0.3, "recall": 0.0967741935483871, "similarity": 0.2777777777777778}, "12": {"tp": 0.0873015873015873, "tn": 0.5158730158730159, "fp": 0.25396825396825395, "fn": 0.14285714285714285, "accuracy": 0.6031746031746033, "precision": 0.25581395348837205, "recall": 0.3793103448275862, "similarity": 0.3968253968253968}, "13": {"tp": 0.056179775280898875, "tn": 0.6348314606741573, "fp": 0.21348314606741572, "fn": 0.09550561797752809, "accuracy": 0.6910112359550562, "precision": 0.20833333333333334, "recall": 0.3703703703703704, "similarity": 0.3089887640449438}, "14": {"tp": 0.024390243902439025, "tn": 0.7225609756097561, "fp": 0.08231707317073171, "fn": 0.17073170731707318, "accuracy": 0.7469512195121951, "precision": 0.22857142857142856, "recall": 0.125, "similarity": 0.2530487804878049}, "15": {"tp": 0.11363636363636363, "tn": 0.4393939393939394, "fp": 0.3939393939393939, "fn": 0.05303030303030303, "accuracy": 0.5530303030303031, "precision": 0.22388059701492538, "recall": 0.6818181818181819, "similarity": 0.44696969696969696}, "16": {"tp": 0.01694915254237288, "tn": 0.6949152542372882, "fp": 0.1864406779661017, "fn": 0.1016949152542373, "accuracy": 0.711864406779661, "precision": 0.08333333333333333, "recall": 0.14285714285714285, "similarity": 0.288135593220339}, "17": {"tp": 0.09042553191489362, "tn": 0.5851063829787234, "fp": 0.18085106382978725, "fn": 0.14361702127659576, "accuracy": 0.6755319148936171, "precision": 0.3333333333333333, "recall": 0.38636363636363635, "similarity": 0.324468085106383}, "18": {"tp": 0.07801418439716312, "tn": 0.425531914893617, "fp": 0.4326241134751773, "fn": 0.06382978723404255, "accuracy": 0.5035460992907801, "precision": 0.15277777777777776, "recall": 0.55, "similarity": 0.49645390070921985}, "19": {"tp": 0.038461538461538464, "tn": 0.625, "fp": 0.125, "fn": 0.21153846153846154, "accuracy": 0.6634615384615384, "precision": 0.23529411764705882, "recall": 0.15384615384615385, "similarity": 0.33653846153846156}, "20": {"tp": 0.09090909090909091, "tn": 0.45454545454545453, "fp": 0.35064935064935066, "fn": 0.1038961038961039, "accuracy": 0.5454545454545454, "precision": 0.20588235294117646, "recall": 0.4666666666666667, "similarity": 0.45454545454545453}, "21": {"tp": 0.07518796992481203, "tn": 0.5488721804511278, "fp": 0.2706766917293233, "fn": 0.10526315789473684, "accuracy": 0.6240601503759399, "precision": 0.21739130434782608, "recall": 0.4166666666666667, "similarity": 0.37593984962406013}, "22": {"tp": 0.08421052631578947, "tn": 0.5578947368421052, "fp": 0.28421052631578947, "fn": 0.07368421052631578, "accuracy": 0.6421052631578947, "precision": 0.2285714285714286, "recall": 0.5333333333333333, "similarity": 0.35789473684210527}, "23": {"tp": 0.034482758620689655, "tn": 0.7126436781609196, "fp": 0.06896551724137931, "fn": 0.1839080459770115, "accuracy": 0.7471264367816092, "precision": 0.3333333333333333, "recall": 0.15789473684210525, "similarity": 0.25287356321839083}, "24": {"tp": 0.06315789473684211, "tn": 0.4631578947368421, "fp": 0.28421052631578947, "fn": 0.18947368421052632, "accuracy": 0.5263157894736842, "precision": 0.18181818181818185, "recall": 0.25, "similarity": 0.47368421052631576}, "25": {"tp": 0.056338028169014086, "tn": 0.647887323943662, "fp": 0.13380281690140844, "fn": 0.1619718309859155, "accuracy": 0.7042253521126761, "precision": 0.29629629629629634, "recall": 0.25806451612903225, "similarity": 0.29577464788732394}, "26": {"tp": 0.04938271604938271, "tn": 0.5987654320987654, "fp": 0.17901234567901234, "fn": 0.1728395061728395, "accuracy": 0.6481481481481481, "precision": 0.21621621621621623, "recall": 0.2222222222222222, "similarity": 0.35185185185185186}, "27": {"tp": 0.05084745762711865, "tn": 0.6101694915254238, "fp": 0.2711864406779661, "fn": 0.06779661016949153, "accuracy": 0.6610169491525424, "precision": 0.15789473684210525, "recall": 0.4285714285714286, "similarity": 0.3389830508474576}, "28": {"tp": 0.02666666666666667, "tn": 0.5933333333333334, "fp": 0.20666666666666667, "fn": 0.17333333333333334, "accuracy": 0.62, "precision": 0.1142857142857143, "recall": 0.13333333333333333, "similarity": 0.38}, "29": {"tp": 0.012422360248447204, "tn": 0.7018633540372671, "fp": 0.10559006211180125, "fn": 0.18012422360248448, "accuracy": 0.7142857142857143, "precision": 0.10526315789473684, "recall": 0.06451612903225806, "similarity": 0.2857142857142857}, "30": {"tp": 0.1206896551724138, "tn": 0.4482758620689655, "fp": 0.3793103448275862, "fn": 0.05172413793103448, "accuracy": 0.5689655172413793, "precision": 0.2413793103448276, "recall": 0.7, "similarity": 0.43103448275862066}, "31": {"tp": 0.0641025641025641, "tn": 0.5641025641025641, "fp": 0.2948717948717949, "fn": 0.07692307692307693, "accuracy": 0.6282051282051282, "precision": 0.17857142857142855, "recall": 0.45454545454545453, "similarity": 0.3717948717948718}, "32": {"tp": 0.04245283018867924, "tn": 0.6367924528301887, "fp": 0.19339622641509435, "fn": 0.12735849056603774, "accuracy": 0.679245283018868, "precision": 0.18, "recall": 0.25, "similarity": 0.32075471698113206}, "33": {"tp": 0.0136986301369863, "tn": 0.8082191780821918, "fp": 0.0273972602739726, "fn": 0.1506849315068493,