{"0": {"tp": 0.09803921568627451, "tn": 0.35294117647058826, "fp": 0.4803921568627451, "fn": 0.06862745098039216, "accuracy": 0.45098039215686275, "precision": 0.1694915254237288, "recall": 0.588235294117647, "similarity": 0.5490196078431373}, "1": {"tp": 0.05128205128205128, "tn": 0.6153846153846154, "fp": 0.1794871794871795, "fn": 0.15384615384615385, "accuracy": 0.6666666666666667, "precision": 0.2222222222222222, "recall": 0.25, "similarity": 0.3333333333333333}, "2": {"tp": 0.05128205128205128, "tn": 0.5897435897435898, "fp": 0.21025641025641026, "fn": 0.14871794871794872, "accuracy": 0.6410256410256411, "precision": 0.196078431372549, "recall": 0.2564102564102564, "similarity": 0.358974358974359}, "3": {"tp": 0.08552631578947369, "tn": 0.4342105263157895, "fp": 0.35526315789473684, "fn": 0.125, "accuracy": 0.5197368421052632, "precision": 0.19402985074626866, "recall": 0.40625000000000006, "similarity": 0.48026315789473684}, "4": {"tp": 0.07042253521126761, "tn": 0.6056338028169014, "fp": 0.22535211267605634, "fn": 0.09859154929577464, "accuracy": 0.676056338028169, "precision": 0.2380952380952381, "recall": 0.4166666666666667, "similarity": 0.323943661971831}, "5": {"tp": 0.15517241379310345, "tn": 0.3620689655172414, "fp": 0.39655172413793105, "fn": 0.08620689655172414, "accuracy": 0.5172413793103449, "precision": 0.28125, "recall": 0.6428571428571428, "similarity": 0.4827586206896552}, "6": {"tp": 0.08176100628930817, "tn": 0.5408805031446541, "fp": 0.29559748427672955, "fn": 0.08176100628930817, "accuracy": 0.6226415094339622, "precision": 0.21666666666666667, "recall": 0.5, "similarity": 0.37735849056603776}, "7": {"tp": 0.022727272727272728, "tn": 0.5227272727272727, "fp": 0.3409090909090909, "fn": 0.11363636363636363, "accuracy": 0.5454545454545455, "precision": 0.06250000000000001, "recall": 0.16666666666666669, "similarity": 0.45454545454545453}, "8": {"tp": 0.1095890410958904, "tn": 0.4657534246575342, "fp": 0.3287671232876712, "fn": 0.0958904109589041, "accuracy": 0.5753424657534246, "precision": 0.25, "recall": 0.5333333333333333, "similarity": 0.4246575342465753}, "9": {"tp": 0.13815789473684212, "tn": 0.17105263157894737, "fp": 0.6513157894736842, "fn": 0.039473684210526314, "accuracy": 0.3092105263157895, "precision": 0.17500000000000002, "recall": 0.7777777777777779, "similarity": 0.6907894736842105}, "10": {"tp": 0.18571428571428572, "tn": 0.2857142857142857, "fp": 0.45714285714285713, "fn": 0.07142857142857142, "accuracy": 0.4714285714285714, "precision": 0.2888888888888889, "recall": 0.7222222222222223, "similarity": 0.5285714285714286}, "11": {"tp": 0.09523809523809523, "tn": 0.5238095238095238, "fp": 0.23015873015873015, "fn": 0.15079365079365079, "accuracy": 0.6190476190476191, "precision": 0.29268292682926833, "recall": 0.3870967741935484, "similarity": 0.38095238095238093}, "12": {"tp": 0.10317460317460317, "tn": 0.5317460317460317, "fp": 0.23809523809523808, "fn": 0.12698412698412698, "accuracy": 0.6349206349206349, "precision": 0.3023255813953488, "recall": 0.4482758620689655, "similarity": 0.36507936507936506}, "13": {"tp": 0.0898876404494382, "tn": 0.3595505617977528, "fp": 0.4887640449438202, "fn": 0.06179775280898876, "accuracy": 0.449438202247191, "precision": 0.15533980582524273, "recall": 0.5925925925925927, "similarity": 0.550561797752809}, "14": {"tp": 0.08536585365853659, "tn": 0.4481707317073171, "fp": 0.3567073170731707, "fn": 0.10975609756097561, "accuracy": 0.5335365853658537, "precision": 0.1931034482758621, "recall": 0.4375, "similarity": 0.46646341463414637}, "15": {"tp": 0.10606060606060606, "tn": 0.5151515151515151, "fp": 0.3181818181818182, "fn": 0.06060606060606061, "accuracy": 0.6212121212121212, "precision": 0.25, "recall": 0.6363636363636364, "similarity": 0.3787878787878788}, "16": {"tp": 0.06779661016949153, "tn": 0.4406779661016949, "fp": 0.4406779661016949, "fn": 0.05084745762711865, "accuracy": 0.5084745762711865, "precision": 0.13333333333333333, "recall": 0.5714285714285714, "similarity": 0.4915254237288136}, "17": {"tp": 0.12234042553191489, "tn": 0.4574468085106383, "fp": 0.30851063829787234, "fn": 0.11170212765957446, "accuracy": 0.5797872340425532, "precision": 0.2839506172839506, "recall": 0.5227272727272727, "similarity": 0.42021276595744683}, "18": {"tp": 0.04964539007092199, "tn": 0.5886524822695035, "fp": 0.2695035460992908, "fn": 0.09219858156028368, "accuracy": 0.6382978723404255, "precision": 0.15555555555555556, "recall": 0.35000000000000003, "similarity": 0.3617021276595745}, "19": {"tp": 0.0673076923076923, "tn": 0.4423076923076923, "fp": 0.3076923076923077, "fn": 0.18269230769230768, "accuracy": 0.5096153846153846, "precision": 0.1794871794871795, "recall": 0.2692307692307692, "similarity": 0.49038461538461536}, "20": {"tp": 0.11688311688311688, "tn": 0.44155844155844154, "fp": 0.36363636363636365, "fn": 0.07792207792207792, "accuracy": 0.5584415584415584, "precision": 0.24324324324324323, "recall": 0.6, "similarity": 0.44155844155844154}, "21": {"tp": 0.09774436090225563, "tn": 0.3609022556390977, "fp": 0.45864661654135336, "fn": 0.08270676691729323, "accuracy": 0.45864661654135336, "precision": 0.17567567567567569, "recall": 0.5416666666666666, "similarity": 0.5413533834586466}, "22": {"tp": 0.10526315789473684, "tn": 0.30526315789473685, "fp": 0.5368421052631579, "fn": 0.05263157894736842, "accuracy": 0.4105263157894737, "precision": 0.16393442622950818, "recall": 0.6666666666666666, "similarity": 0.5894736842105263}, "23": {"tp": 0.09195402298850575, "tn": 0.47126436781609193, "fp": 0.3103448275862069, "fn": 0.12643678160919541, "accuracy": 0.5632183908045977, "precision": 0.22857142857142856, "recall": 0.42105263157894735, "similarity": 0.4367816091954023}, "24": {"tp": 0.12631578947368421, "tn": 0.3894736842105263, "fp": 0.35789473684210527, "fn": 0.12631578947368421, "accuracy": 0.5157894736842106, "precision": 0.2608695652173913, "recall": 0.5, "similarity": 0.4842105263157895}, "25": {"tp": 0.15492957746478872, "tn": 0.2887323943661972, "fp": 0.49295774647887325, "fn": 0.06338028169014084, "accuracy": 0.4436619718309859, "precision": 0.23913043478260868, "recall": 0.7096774193548387, "similarity": 0.5563380281690141}, "26": {"tp": 0.1111111111111111, "tn": 0.38271604938271603, "fp": 0.3950617283950617, "fn": 0.1111111111111111, "accuracy": 0.49382716049382713, "precision": 0.2195121951219512, "recall": 0.5, "similarity": 0.5061728395061729}, "27": {"tp": 0.06779661016949153, "tn": 0.4745762711864407, "fp": 0.4067796610169492, "fn": 0.05084745762711865, "accuracy": 0.5423728813559322, "precision": 0.14285714285714285, "recall": 0.5714285714285714, "similarity": 0.4576271186440678}, "28": {"tp": 0.10666666666666667, "tn": 0.43333333333333335, "fp": 0.36666666666666664, "fn": 0.09333333333333334, "accuracy": 0.54, "precision": 0.22535211267605634, "recall": 0.5333333333333333, "similarity": 0.46}, "29": {"tp": 0.13043478260869565, "tn": 0.2857142857142857, "fp": 0.5217391304347826, "fn": 0.062111801242236024, "accuracy": 0.4161490683229814, "precision": 0.19999999999999998, "recall": 0.6774193548387096, "similarity": 0.5838509316770186}, "30": {"tp": 0.1206896551724138, "tn": 0.4482758620689655, "fp": 0.3793103448275862, "fn": 0.05172413793103448, "accuracy": 0.5689655172413793, "precision": 0.2413793103448276, "recall": 0.7, "similarity": 0.43103448275862066}, "31": {"tp": 0.07692307692307693, "tn": 0.3333333333333333, "fp": 0.5256410256410257, "fn": 0.0641025641025641, "accuracy": 0.41025641025641024, "precision": 0.1276595744680851, "recall": 0.5454545454545455, "similarity": 0.5897435897435898}, "32": {"tp": 0.06132075471698113, "tn": 0.42924528301886794, "fp": 0.4009433962264151, "fn": 0.10849056603773585, "accuracy": 0.49056603773584906, "precision": 0.1326530612244898, "recall": 0.36111111111111105, "similarity": 0.5094339622641509}, "33": {"tp": 0.1095890410958904, "tn": 0.1780821917808219, "fp": 0.6575342465753424, "fn": 0.0547945205479452,