{"0": {"tp": 0.028985507246376812, "tn": 0.6376811594202898, "fp": 0.043478260869565216, "fn": 0.2898550724637681, "accuracy": 0.6666666666666666, "precision": 0.39999999999999997, "recall": 0.0909090909090909, "similarity": 0.3333333333333333}, "1": {"tp": 0.0, "tn": 0.48717948717948717, "fp": 0.07692307692307693, "fn": 0.4358974358974359, "accuracy": 0.48717948717948717, "precision": 0.0, "recall": 0.0, "similarity": 0.5128205128205128}, "2": {"tp": 0.045714285714285714, "tn": 0.5142857142857142, "fp": 0.10285714285714286, "fn": 0.33714285714285713, "accuracy": 0.5599999999999999, "precision": 0.30769230769230765, "recall": 0.11940298507462688, "similarity": 0.44}, "3": {"tp": 0.021505376344086023, "tn": 0.5591397849462365, "fp": 0.021505376344086023, "fn": 0.3978494623655914, "accuracy": 0.5806451612903226, "precision": 0.5, "recall": 0.051282051282051294, "similarity": 0.41935483870967744}, "4": {"tp": 0.13157894736842105, "tn": 0.2631578947368421, "fp": 0.2894736842105263, "fn": 0.3157894736842105, "accuracy": 0.39473684210526316, "precision": 0.3125, "recall": 0.29411764705882354, "similarity": 0.6052631578947368}, "5": {"tp": 0.10810810810810811, "tn": 0.2972972972972973, "fp": 0.13513513513513514, "fn": 0.4594594594594595, "accuracy": 0.40540540540540543, "precision": 0.4444444444444444, "recall": 0.1904761904761905, "similarity": 0.5945945945945946}, "6": {"tp": 0.10576923076923077, "tn": 0.5673076923076923, "fp": 0.09615384615384616, "fn": 0.23076923076923078, "accuracy": 0.673076923076923, "precision": 0.5238095238095238, "recall": 0.3142857142857143, "similarity": 0.3269230769230769}, "7": {"tp": 0.05555555555555555, "tn": 0.4888888888888889, "fp": 0.2, "fn": 0.25555555555555554, "accuracy": 0.5444444444444444, "precision": 0.21739130434782608, "recall": 0.17857142857142855, "similarity": 0.45555555555555555}, "8": {"tp": 0.05263157894736842, "tn": 0.42105263157894735, "fp": 0.10526315789473684, "fn": 0.42105263157894735, "accuracy": 0.47368421052631576, "precision": 0.3333333333333333, "recall": 0.1111111111111111, "similarity": 0.5263157894736842}, "9": {"tp": 0.12598425196850394, "tn": 0.4330708661417323, "fp": 0.2204724409448819, "fn": 0.2204724409448819, "accuracy": 0.5590551181102362, "precision": 0.36363636363636365, "recall": 0.36363636363636365, "similarity": 0.4409448818897638}, "10": {"tp": 0.3018867924528302, "tn": 0.18867924528301888, "fp": 0.3018867924528302, "fn": 0.20754716981132076, "accuracy": 0.49056603773584906, "precision": 0.5, "recall": 0.5925925925925926, "similarity": 0.5094339622641509}, "11": {"tp": 0.0, "tn": 0.532608695652174, "fp": 0.0, "fn": 0.4673913043478261, "accuracy": 0.532608695652174, "precision": 0, "recall": 0.0, "similarity": 0.4673913043478261}, "12": {"tp": 0.15217391304347827, "tn": 0.33695652173913043, "fp": 0.20652173913043478, "fn": 0.30434782608695654, "accuracy": 0.4891304347826087, "precision": 0.4242424242424242, "recall": 0.3333333333333333, "similarity": 0.5108695652173914}, "13": {"tp": 0.04132231404958678, "tn": 0.6363636363636364, "fp": 0.06611570247933884, "fn": 0.256198347107438, "accuracy": 0.6776859504132231, "precision": 0.38461538461538464, "recall": 0.1388888888888889, "similarity": 0.32231404958677684}, "14": {"tp": 0.04296875, "tn": 0.5234375, "fp": 0.1171875, "fn": 0.31640625, "accuracy": 0.56640625, "precision": 0.2682926829268293, "recall": 0.11956521739130435, "similarity": 0.43359375}, "15": {"tp": 0.021052631578947368, "tn": 0.4631578947368421, "fp": 0.21052631578947367, "fn": 0.30526315789473685, "accuracy": 0.4842105263157895, "precision": 0.09090909090909091, "recall": 0.06451612903225806, "similarity": 0.5157894736842106}, "16": {"tp": 0.022727272727272728, "tn": 0.6590909090909091, "fp": 0.11363636363636363, "fn": 0.20454545454545456, "accuracy": 0.6818181818181818, "precision": 0.16666666666666669, "recall": 0.09999999999999999, "similarity": 0.3181818181818182}, "17": {"tp": 0.06896551724137931, "tn": 0.45689655172413796, "fp": 0.10344827586206896, "fn": 0.3706896551724138, "accuracy": 0.5258620689655172, "precision": 0.39999999999999997, "recall": 0.15686274509803919, "similarity": 0.47413793103448276}, "18": {"tp": 0.0625, "tn": 0.36607142857142855, "fp": 0.36607142857142855, "fn": 0.20535714285714285, "accuracy": 0.42857142857142855, "precision": 0.14583333333333334, "recall": 0.23333333333333334, "similarity": 0.5714285714285714}, "19": {"tp": 0.07462686567164178, "tn": 0.4626865671641791, "fp": 0.05970149253731343, "fn": 0.40298507462686567, "accuracy": 0.5373134328358209, "precision": 0.5555555555555555, "recall": 0.15625, "similarity": 0.4626865671641791}, "20": {"tp": 0.0, "tn": 0.5918367346938775, "fp": 0.0, "fn": 0.40816326530612246, "accuracy": 0.5918367346938775, "precision": 0, "recall": 0.0, "similarity": 0.40816326530612246}, "21": {"tp": 0.0, "tn": 0.6111111111111112, "fp": 0.0, "fn": 0.3888888888888889, "accuracy": 0.6111111111111112, "precision": 0, "recall": 0.0, "similarity": 0.3888888888888889}, "22": {"tp": 0.08974358974358974, "tn": 0.5897435897435898, "fp": 0.1282051282051282, "fn": 0.19230769230769232, "accuracy": 0.6794871794871795, "precision": 0.4117647058823529, "recall": 0.3181818181818182, "similarity": 0.32051282051282054}, "23": {"tp": 0.06451612903225806, "tn": 0.5967741935483871, "fp": 0.03225806451612903, "fn": 0.3064516129032258, "accuracy": 0.6612903225806452, "precision": 0.6666666666666666, "recall": 0.17391304347826086, "similarity": 0.3387096774193548}, "24": {"tp": 0.08196721311475409, "tn": 0.4262295081967213, "fp": 0.11475409836065574, "fn": 0.3770491803278688, "accuracy": 0.5081967213114754, "precision": 0.41666666666666663, "recall": 0.17857142857142858, "similarity": 0.4918032786885246}, "25": {"tp": 0.17796610169491525, "tn": 0.4406779661016949, "fp": 0.1694915254237288, "fn": 0.211864406779661, "accuracy": 0.6186440677966102, "precision": 0.5121951219512195, "recall": 0.4565217391304348, "similarity": 0.3813559322033898}, "26": {"tp": 0.05714285714285714, "tn": 0.4857142857142857, "fp": 0.08571428571428572, "fn": 0.37142857142857144, "accuracy": 0.5428571428571428, "precision": 0.4, "recall": 0.13333333333333333, "similarity": 0.45714285714285713}, "27": {"tp": 0.0, "tn": 0.7236842105263158, "fp": 0.0, "fn": 0.27631578947368424, "accuracy": 0.7236842105263158, "precision": 0, "recall": 0.0, "similarity": 0.27631578947368424}, "28": {"tp": 0.07291666666666667, "tn": 0.5729166666666666, "fp": 0.08333333333333333, "fn": 0.2708333333333333, "accuracy": 0.6458333333333333, "precision": 0.4666666666666667, "recall": 0.21212121212121213, "similarity": 0.3541666666666667}, "29": {"tp": 0.0, "tn": 0.6190476190476191, "fp": 0.0, "fn": 0.38095238095238093, "accuracy": 0.6190476190476191, "precision": 0, "recall": 0.0, "similarity": 0.38095238095238093}, "30": {"tp": 0.15, "tn": 0.475, "fp": 0.175, "fn": 0.2, "accuracy": 0.625, "precision": 0.46153846153846156, "recall": 0.4285714285714286, "similarity": 0.375}, "31": {"tp": 0.0, "tn": 0.7321428571428571, "fp": 0.0, "fn": 0.26785714285714285, "accuracy": 0.7321428571428571, "precision": 0, "recall": 0.0, "similarity": 0.26785714285714285}, "32": {"tp": 0.007874015748031496, "tn": 0.5826771653543307, "fp": 0.05511811023622047, "fn": 0.3543307086614173, "accuracy": 0.5905511811023622, "precision": 0.125, "recall": 0.02173913043478261, "similarity": 0.4094488188976378}, "33": {"tp": 0.06779661016949153, "tn": 0.6440677966101694, "fp": 0.03389830508474576, "fn": 0.2542372881355932, "accuracy": 0.711864406779661, "precision": 0.6666666666666666, "recall": 0.2105263157894737, "similarity": 0.288135593220339}, "34": {"tp": 0.11764705882352941, "tn": 0.4588235294117647, "fp": 0.2235294117647059, "fn": 0.2, "accuracy": 0.5764705882352941, "precision": 0.3448275862068965, "recall": 0.3703703703703704, "similarity": 0.4235294117647059}, "35": {"tp": 0.10344827586206896, "tn": 0.5172413793103449, "fp": 0.06896551724137931, "fn": 0.3103448275862069, "accuracy": 0.6206896551724138,