{"0": {"tp": 0.0392156862745098, "tn": 0.7843137254901961, "fp": 0.049019607843137254, "fn": 0.12745098039215685, "accuracy": 0.8235294117647058, "precision": 0.4444444444444445, "recall": 0.23529411764705882, "similarity": 0.17647058823529413}, "1": {"tp": 0.0641025641025641, "tn": 0.5897435897435898, "fp": 0.20512820512820512, "fn": 0.14102564102564102, "accuracy": 0.6538461538461539, "precision": 0.23809523809523808, "recall": 0.3125, "similarity": 0.34615384615384615}, "2": {"tp": 0.15897435897435896, "tn": 0.22564102564102564, "fp": 0.5743589743589743, "fn": 0.041025641025641026, "accuracy": 0.38461538461538464, "precision": 0.2167832167832168, "recall": 0.7948717948717949, "similarity": 0.6153846153846154}, "3": {"tp": 0.05921052631578947, "tn": 0.5723684210526315, "fp": 0.21710526315789475, "fn": 0.1513157894736842, "accuracy": 0.6315789473684211, "precision": 0.21428571428571425, "recall": 0.28125, "similarity": 0.3684210526315789}, "4": {"tp": 0.056338028169014086, "tn": 0.676056338028169, "fp": 0.15492957746478872, "fn": 0.11267605633802817, "accuracy": 0.7323943661971831, "precision": 0.26666666666666666, "recall": 0.33333333333333337, "similarity": 0.2676056338028169}, "5": {"tp": 0.1206896551724138, "tn": 0.5172413793103449, "fp": 0.2413793103448276, "fn": 0.1206896551724138, "accuracy": 0.6379310344827587, "precision": 0.33333333333333337, "recall": 0.5, "similarity": 0.3620689655172414}, "6": {"tp": 0.0880503144654088, "tn": 0.4591194968553459, "fp": 0.37735849056603776, "fn": 0.07547169811320754, "accuracy": 0.5471698113207547, "precision": 0.18918918918918917, "recall": 0.5384615384615384, "similarity": 0.4528301886792453}, "7": {"tp": 0.06818181818181818, "tn": 0.4393939393939394, "fp": 0.42424242424242425, "fn": 0.06818181818181818, "accuracy": 0.5075757575757576, "precision": 0.13846153846153844, "recall": 0.5, "similarity": 0.49242424242424243}, "8": {"tp": 0.0821917808219178, "tn": 0.6164383561643836, "fp": 0.1780821917808219, "fn": 0.1232876712328767, "accuracy": 0.6986301369863014, "precision": 0.3157894736842105, "recall": 0.4, "similarity": 0.3013698630136986}, "9": {"tp": 0.1118421052631579, "tn": 0.32894736842105265, "fp": 0.4934210526315789, "fn": 0.06578947368421052, "accuracy": 0.44078947368421056, "precision": 0.1847826086956522, "recall": 0.6296296296296297, "similarity": 0.5592105263157895}, "10": {"tp": 0.04285714285714286, "tn": 0.6857142857142857, "fp": 0.05714285714285714, "fn": 0.21428571428571427, "accuracy": 0.7285714285714285, "precision": 0.42857142857142855, "recall": 0.16666666666666669, "similarity": 0.2714285714285714}, "11": {"tp": 0.16666666666666666, "tn": 0.3333333333333333, "fp": 0.42063492063492064, "fn": 0.07936507936507936, "accuracy": 0.5, "precision": 0.28378378378378377, "recall": 0.6774193548387096, "similarity": 0.5}, "12": {"tp": 0.14285714285714285, "tn": 0.3412698412698413, "fp": 0.42857142857142855, "fn": 0.0873015873015873, "accuracy": 0.48412698412698413, "precision": 0.25, "recall": 0.6206896551724138, "similarity": 0.5158730158730159}, "13": {"tp": 0.056179775280898875, "tn": 0.6348314606741573, "fp": 0.21348314606741572, "fn": 0.09550561797752809, "accuracy": 0.6910112359550562, "precision": 0.20833333333333334, "recall": 0.3703703703703704, "similarity": 0.3089887640449438}, "14": {"tp": 0.10365853658536585, "tn": 0.3323170731707317, "fp": 0.4725609756097561, "fn": 0.09146341463414634, "accuracy": 0.4359756097560976, "precision": 0.1798941798941799, "recall": 0.53125, "similarity": 0.5640243902439024}, "15": {"tp": 0.11363636363636363, "tn": 0.42424242424242425, "fp": 0.4090909090909091, "fn": 0.05303030303030303, "accuracy": 0.5378787878787878, "precision": 0.21739130434782608, "recall": 0.6818181818181819, "similarity": 0.4621212121212121}, "16": {"tp": 0.01694915254237288, "tn": 0.6949152542372882, "fp": 0.1864406779661017, "fn": 0.1016949152542373, "accuracy": 0.711864406779661, "precision": 0.08333333333333333, "recall": 0.14285714285714285, "similarity": 0.288135593220339}, "17": {"tp": 0.11170212765957446, "tn": 0.4627659574468085, "fp": 0.30319148936170215, "fn": 0.12234042553191489, "accuracy": 0.5744680851063829, "precision": 0.2692307692307692, "recall": 0.47727272727272724, "similarity": 0.425531914893617}, "18": {"tp": 0.07801418439716312, "tn": 0.425531914893617, "fp": 0.4326241134751773, "fn": 0.06382978723404255, "accuracy": 0.5035460992907801, "precision": 0.15277777777777776, "recall": 0.55, "similarity": 0.49645390070921985}, "19": {"tp": 0.08653846153846154, "tn": 0.40384615384615385, "fp": 0.34615384615384615, "fn": 0.16346153846153846, "accuracy": 0.4903846153846154, "precision": 0.19999999999999998, "recall": 0.34615384615384615, "similarity": 0.5096153846153846}, "20": {"tp": 0.09090909090909091, "tn": 0.45454545454545453, "fp": 0.35064935064935066, "fn": 0.1038961038961039, "accuracy": 0.5454545454545454, "precision": 0.20588235294117646, "recall": 0.4666666666666667, "similarity": 0.45454545454545453}, "21": {"tp": 0.08270676691729323, "tn": 0.5112781954887218, "fp": 0.3082706766917293, "fn": 0.09774436090225563, "accuracy": 0.593984962406015, "precision": 0.21153846153846154, "recall": 0.4583333333333333, "similarity": 0.40601503759398494}, "22": {"tp": 0.08421052631578947, "tn": 0.5578947368421052, "fp": 0.28421052631578947, "fn": 0.07368421052631578, "accuracy": 0.6421052631578947, "precision": 0.2285714285714286, "recall": 0.5333333333333333, "similarity": 0.35789473684210527}, "23": {"tp": 0.034482758620689655, "tn": 0.7126436781609196, "fp": 0.06896551724137931, "fn": 0.1839080459770115, "accuracy": 0.7471264367816092, "precision": 0.3333333333333333, "recall": 0.15789473684210525, "similarity": 0.25287356321839083}, "24": {"tp": 0.06315789473684211, "tn": 0.4631578947368421, "fp": 0.28421052631578947, "fn": 0.18947368421052632, "accuracy": 0.5263157894736842, "precision": 0.18181818181818185, "recall": 0.25, "similarity": 0.47368421052631576}, "25": {"tp": 0.056338028169014086, "tn": 0.647887323943662, "fp": 0.13380281690140844, "fn": 0.1619718309859155, "accuracy": 0.7042253521126761, "precision": 0.29629629629629634, "recall": 0.25806451612903225, "similarity": 0.29577464788732394}, "26": {"tp": 0.05555555555555555, "tn": 0.5555555555555556, "fp": 0.2222222222222222, "fn": 0.16666666666666666, "accuracy": 0.6111111111111112, "precision": 0.19999999999999998, "recall": 0.25, "similarity": 0.3888888888888889}, "27": {"tp": 0.06779661016949153, "tn": 0.4830508474576271, "fp": 0.3983050847457627, "fn": 0.05084745762711865, "accuracy": 0.5508474576271187, "precision": 0.14545454545454545, "recall": 0.5714285714285714, "similarity": 0.4491525423728814}, "28": {"tp": 0.10666666666666667, "tn": 0.41333333333333333, "fp": 0.38666666666666666, "fn": 0.09333333333333334, "accuracy": 0.52, "precision": 0.21621621621621623, "recall": 0.5333333333333333, "similarity": 0.48}, "29": {"tp": 0.031055900621118012, "tn": 0.6645962732919255, "fp": 0.14285714285714285, "fn": 0.16149068322981366, "accuracy": 0.6956521739130436, "precision": 0.17857142857142858, "recall": 0.16129032258064516, "similarity": 0.30434782608695654}, "30": {"tp": 0.1206896551724138, "tn": 0.4482758620689655, "fp": 0.3793103448275862, "fn": 0.05172413793103448, "accuracy": 0.5689655172413793, "precision": 0.2413793103448276, "recall": 0.7, "similarity": 0.43103448275862066}, "31": {"tp": 0.07692307692307693, "tn": 0.32051282051282054, "fp": 0.5384615384615384, "fn": 0.0641025641025641, "accuracy": 0.39743589743589747, "precision": 0.125, "recall": 0.5454545454545455, "similarity": 0.6025641025641025}, "32": {"tp": 0.05660377358490566, "tn": 0.5094339622641509, "fp": 0.32075471698113206, "fn": 0.11320754716981132, "accuracy": 0.5660377358490566, "precision": 0.15000000000000002, "recall": 0.3333333333333333, "similarity": 0.4339622641509434}, "33": {"tp": 0.0410958904109589, "tn": 0.726027397260274, "fp": 0.1095890410958904, "fn": 0.1232876712328767, "accuracy": 0.7671232876712328,