{"0": {"tp": 0.09090909090909091, "tn": 0.37662337662337664, "fp": 0.2857142857142857, "fn": 0.24675324675324675, "accuracy": 0.4675324675324676, "precision": 0.2413793103448276, "recall": 0.2692307692307692, "similarity": 0.5324675324675324}, "1": {"tp": 0.04807692307692308, "tn": 0.5673076923076923, "fp": 0.038461538461538464, "fn": 0.34615384615384615, "accuracy": 0.6153846153846154, "precision": 0.5555555555555556, "recall": 0.12195121951219513, "similarity": 0.38461538461538464}, "2": {"tp": 0.11278195488721804, "tn": 0.42857142857142855, "fp": 0.2556390977443609, "fn": 0.20300751879699247, "accuracy": 0.5413533834586466, "precision": 0.30612244897959184, "recall": 0.35714285714285715, "similarity": 0.45864661654135336}, "3": {"tp": 0.05555555555555555, "tn": 0.5833333333333334, "fp": 0.027777777777777776, "fn": 0.3333333333333333, "accuracy": 0.638888888888889, "precision": 0.6666666666666666, "recall": 0.14285714285714288, "similarity": 0.3611111111111111}, "4": {"tp": 0.1360544217687075, "tn": 0.3197278911564626, "fp": 0.2789115646258503, "fn": 0.2653061224489796, "accuracy": 0.45578231292517013, "precision": 0.3278688524590164, "recall": 0.33898305084745767, "similarity": 0.54421768707483}, "5": {"tp": 0.044444444444444446, "tn": 0.4666666666666667, "fp": 0.17777777777777778, "fn": 0.3111111111111111, "accuracy": 0.5111111111111111, "precision": 0.19999999999999998, "recall": 0.125, "similarity": 0.4888888888888889}, "6": {"tp": 0.07608695652173914, "tn": 0.5760869565217391, "fp": 0.05434782608695652, "fn": 0.29347826086956524, "accuracy": 0.6521739130434783, "precision": 0.5833333333333334, "recall": 0.20588235294117646, "similarity": 0.34782608695652173}, "7": {"tp": 0.032467532467532464, "tn": 0.6493506493506493, "fp": 0.025974025974025976, "fn": 0.2922077922077922, "accuracy": 0.6818181818181818, "precision": 0.5555555555555555, "recall": 0.09999999999999999, "similarity": 0.3181818181818182}, "8": {"tp": 0.05263157894736842, "tn": 0.43859649122807015, "fp": 0.017543859649122806, "fn": 0.49122807017543857, "accuracy": 0.49122807017543857, "precision": 0.75, "recall": 0.09677419354838711, "similarity": 0.5087719298245614}, "9": {"tp": 0.029411764705882353, "tn": 0.5294117647058824, "fp": 0.058823529411764705, "fn": 0.38235294117647056, "accuracy": 0.5588235294117647, "precision": 0.33333333333333337, "recall": 0.07142857142857142, "similarity": 0.4411764705882353}, "10": {"tp": 0.0, "tn": 0.5892857142857143, "fp": 0.03571428571428571, "fn": 0.375, "accuracy": 0.5892857142857143, "precision": 0.0, "recall": 0.0, "similarity": 0.4107142857142857}, "11": {"tp": 0.018518518518518517, "tn": 0.5185185185185185, "fp": 0.09259259259259259, "fn": 0.37037037037037035, "accuracy": 0.5370370370370371, "precision": 0.16666666666666666, "recall": 0.04761904761904762, "similarity": 0.46296296296296297}, "12": {"tp": 0.023809523809523808, "tn": 0.6547619047619048, "fp": 0.023809523809523808, "fn": 0.2976190476190476, "accuracy": 0.6785714285714286, "precision": 0.5, "recall": 0.07407407407407408, "similarity": 0.32142857142857145}, "13": {"tp": 0.05128205128205128, "tn": 0.4358974358974359, "fp": 0.1794871794871795, "fn": 0.3333333333333333, "accuracy": 0.48717948717948717, "precision": 0.2222222222222222, "recall": 0.13333333333333333, "similarity": 0.5128205128205128}, "14": {"tp": 0.0, "tn": 0.6282051282051282, "fp": 0.05128205128205128, "fn": 0.32051282051282054, "accuracy": 0.6282051282051282, "precision": 0.0, "recall": 0.0, "similarity": 0.3717948717948718}, "15": {"tp": 0.07407407407407407, "tn": 0.5555555555555556, "fp": 0.08641975308641975, "fn": 0.2839506172839506, "accuracy": 0.6296296296296297, "precision": 0.46153846153846156, "recall": 0.20689655172413793, "similarity": 0.37037037037037035}, "16": {"tp": 0.08108108108108109, "tn": 0.40540540540540543, "fp": 0.24324324324324326, "fn": 0.2702702702702703, "accuracy": 0.4864864864864865, "precision": 0.25, "recall": 0.23076923076923078, "similarity": 0.5135135135135135}, "17": {"tp": 0.0, "tn": 0.5833333333333334, "fp": 0.03571428571428571, "fn": 0.38095238095238093, "accuracy": 0.5833333333333334, "precision": 0.0, "recall": 0.0, "similarity": 0.4166666666666667}, "18": {"tp": 0.06086956521739131, "tn": 0.5565217391304348, "fp": 0.02608695652173913, "fn": 0.3565217391304348, "accuracy": 0.6173913043478261, "precision": 0.7000000000000001, "recall": 0.14583333333333334, "similarity": 0.3826086956521739}, "19": {"tp": 0.05263157894736842, "tn": 0.6578947368421053, "fp": 0.0, "fn": 0.2894736842105263, "accuracy": 0.7105263157894737, "precision": 1.0, "recall": 0.15384615384615383, "similarity": 0.2894736842105263}, "20": {"tp": 0.08333333333333333, "tn": 0.5075757575757576, "fp": 0.11363636363636363, "fn": 0.29545454545454547, "accuracy": 0.5909090909090909, "precision": 0.4230769230769231, "recall": 0.22, "similarity": 0.4090909090909091}, "21": {"tp": 0.07936507936507936, "tn": 0.4365079365079365, "fp": 0.1746031746031746, "fn": 0.30952380952380953, "accuracy": 0.5158730158730158, "precision": 0.3125, "recall": 0.2040816326530612, "similarity": 0.48412698412698413}, "22": {"tp": 0.0, "tn": 0.7040816326530612, "fp": 0.030612244897959183, "fn": 0.2653061224489796, "accuracy": 0.7040816326530612, "precision": 0.0, "recall": 0.0, "similarity": 0.29591836734693877}, "23": {"tp": 0.1111111111111111, "tn": 0.32098765432098764, "fp": 0.25925925925925924, "fn": 0.30864197530864196, "accuracy": 0.43209876543209874, "precision": 0.3, "recall": 0.2647058823529412, "similarity": 0.5679012345679012}, "24": {"tp": 0.1836734693877551, "tn": 0.24489795918367346, "fp": 0.40816326530612246, "fn": 0.16326530612244897, "accuracy": 0.4285714285714286, "precision": 0.3103448275862069, "recall": 0.5294117647058824, "similarity": 0.5714285714285714}, "25": {"tp": 0.06896551724137931, "tn": 0.3793103448275862, "fp": 0.15517241379310345, "fn": 0.39655172413793105, "accuracy": 0.4482758620689655, "precision": 0.3076923076923077, "recall": 0.14814814814814814, "similarity": 0.5517241379310345}, "26": {"tp": 0.0, "tn": 0.6428571428571429, "fp": 0.04285714285714286, "fn": 0.3142857142857143, "accuracy": 0.6428571428571429, "precision": 0.0, "recall": 0.0, "similarity": 0.35714285714285715}, "27": {"tp": 0.0, "tn": 0.6180555555555556, "fp": 0.013888888888888888, "fn": 0.3680555555555556, "accuracy": 0.6180555555555556, "precision": 0.0, "recall": 0.0, "similarity": 0.3819444444444444}, "28": {"tp": 0.0, "tn": 0.5, "fp": 0.1, "fn": 0.4, "accuracy": 0.5, "precision": 0.0, "recall": 0.0, "similarity": 0.5}, "29": {"tp": 0.03896103896103896, "tn": 0.4025974025974026, "fp": 0.03896103896103896, "fn": 0.5194805194805194, "accuracy": 0.4415584415584416, "precision": 0.5, "recall": 0.06976744186046512, "similarity": 0.5584415584415584}, "30": {"tp": 0.10810810810810811, "tn": 0.5135135135135135, "fp": 0.10810810810810811, "fn": 0.2702702702702703, "accuracy": 0.6216216216216216, "precision": 0.5, "recall": 0.2857142857142857, "similarity": 0.3783783783783784}, "31": {"tp": 0.09473684210526316, "tn": 0.47368421052631576, "fp": 0.1368421052631579, "fn": 0.29473684210526313, "accuracy": 0.5684210526315789, "precision": 0.4090909090909091, "recall": 0.24324324324324326, "similarity": 0.43157894736842106}, "32": {"tp": 0.0707070707070707, "tn": 0.5757575757575758, "fp": 0.08080808080808081, "fn": 0.2727272727272727, "accuracy": 0.6464646464646465, "precision": 0.4666666666666666, "recall": 0.20588235294117646, "similarity": 0.35353535353535354}, "33": {"tp": 0.03636363636363636, "tn": 0.5636363636363636, "fp": 0.03636363636363636, "fn": 0.36363636363636365, "accuracy": 0.6, "precision": 0.5, "recall": 0.0909090909090909, "similarity": 0.4}, "34": {"tp": 0.0, "tn": 0.5869565217391305, "fp": 0.021739130434782608, "fn": 0.391304347826087, "accuracy": 0.5869565217391305, "precision": 0.0, "recall": 0.0, "similarity": 0.41304347826086957}, "35": {"tp": 0.0, "tn": 0.5161290322580645, "fp": 0.06451612903225806, "fn": 0.41935483870967744,